"230","806, Fayette St. Bastrop, TX, 78602","No_Match"
"110","903 San Jacinto Blvd, #322, Austin, TX, 78701","Match","Exact","903 SAN JACINTO BLVD, AUSTIN, TX, 78701","-97.739246091827,30.270226431053","63946482","R","48","453","001101","1010"
"231","159, Ridgeway Cemetray Rd. Paige, TX, 78659","No_Match"
"111","5325 Airport Boulevard, Austin, TX, 78751","Match","Exact","5325 AIRPORT BLVD, AUSTIN, TX, 78751","-97.714884849125,30.314267125881","63932483","R","48","453","002105","2014"
"232","115 Sorrell, Red Rock, TX 78662, Red Rock, TX, 78662","No_Match"
"112","7901 Metropolis Dr., Austin, TX, 78744","Match","Exact","7901 METROPOLIS DR, AUSTIN, TX, 78744","-97.694420497254,30.206981427636","637875575","L","48","453","002448","2001"
"233","1033 Hwy 71 W, Bastrop, TX 78602, Bastrop, TX, 78602","Tie"
"113","100 Wilco Way, Suite V101, Georgetown, TX, 78626","No_Match"
"234","987 N SH 95, Bastrop, TX, 78602","Tie"
"114","7901 Metropolis Drive, Austin, TX, 78744","Match","Exact","7901 METROPOLIS DR, AUSTIN, TX, 78744","-97.694420497254,30.206981427636","637875575","L","48","453","002448","2001"
"235","304, East Ave. Schulenberg, TX, ","No_Match"
"115","111 E. San Antonio St., Ste. 100, San Marcos, TX, 78666","Match","Exact","111 E SAN ANTONIO ST, SAN MARCOS, TX, 78666","-97.941147942359,29.882209171732","624339836","L","48","209","010100","1021"
"236","708 St. Louis Street, Gonzales, TX, 78629","Tie"
"116","2901 Saint Francis St., Killeen, TX, 76543","Match","Exact","2901 ST FRANCIS ST, KILLEEN, TX, 76543","-97.700056882122,31.120484743843","146156550","L","48","027","022101","3009"
"237","1016 Broadway, Marble Falls, TX 78654, Marble Falls, TX, 78654","No_Match"
"117","104 Loop 150, Bastrop, TX, 78602","Match","Exact","104 LOOP 150, BASTROP, TX, 78602","-97.329141331888,30.105370308357","649009524","L","48","021","950401","3048"
"238","13740 Research Blvd. Ste M7, Austin, TX, 78750","No_Match"
"118","1150 S. Bell Blvd., Bldg 5, Cedar Park, TX, 78613","Match","Exact","1150 S BELL BLVD, CEDAR PARK, TX, 78613","-97.811513627009,30.495476234211","126482347","R","48","491","020347","1008"
"239","150, West Palm Valley Blvd. Round Rock, TX, 78664","No_Match"
"10","805 West University Avenue, Georgetown, TX, 78626","Match","Exact","805 W UNIVERSITY AVE, GEORGETOWN, TX, 78626","-97.683247965121,30.633233039789","126417902","L","48","491","021402","2091"
"11","1200 W. 17th St., Georgetown, TX, 78626","No_Match"
"12","6633 East Hwy 290, Austin, TX, 78723","Match","Exact","6633 E HWY 290, AUSTIN, TX, 78723","-97.694147230615,30.320712699368","64020383","R","48","453","002104","1002"
"13","2209 Rosewood Ave., Austin, TX, 78702","Match","Exact","2209 ROSEWOOD AVE, AUSTIN, TX, 78702","-97.715983517891,30.270129712111","63947792","R","48","453","000804","1016"
"14","1101 N. Mays Street, Round Rock, TX, 78664","Match","Exact","1101 N MAYS ST, ROUND ROCK, TX, 78664","-97.683005353582,30.518300445659","126483663","R","48","491","021503","1009"
"15","1600 Payton Gin Road, Austin, TX, 78758","Match","Exact","1600 PAYTON GIN RD, AUSTIN, TX, 78758","-97.715124661538,30.364686554099","641895311","R","48","453","040700","3009"
"16","8305 Cross Park Drive, Austin, TX, 78754","Match","Exact","8305 CROSS PARK DR, AUSTIN, TX, 78754","-97.670013052943,30.335611248587","63935063","R","48","453","043600","2005"
"17","8402 Cross Park Drive, Austin, TX, 78754","Match","Exact","8402 CROSS PARK DR, AUSTIN, TX, 78754","-97.676547212999,30.338190028235","64022269","L","48","453","043600","3006"
"18","4749 Williams Drive, Georgetown, TX, 78633","Match","Exact","4749 WILLIAMS DR, GEORGETOWN, TX, 78633","-97.723504139106,30.688381168682","648539412","R","48","491","020115","1039"
"19","2100 Scenic Drive, Georgetown, TX, 78626","Match","Exact","2100 SCENIC DR, GEORGETOWN, TX, 78626","-97.687611090441,30.626375517074","658238495","R","48","491","021402","4002"
"120","1403 Blackjack St., Lockhart, TX, 78644","Match","Exact","1403 BLACKJACK ST, LOCKHART, TX, 78644","-97.652500825586,29.873459934637","655880168","L","48","055","960200","1006"
"241","1603, Northwest Blvd. Georgetown, TX, 78628","No_Match"
"121","1407 E. Freddy Gonzalez Dr., Edinburg, TX, 78539","Match","Non_Exact","1407 E FREDDY GONZALEZ DR, EDINBURG, TX, 78542","-98.152738497929,26.285074616712","607627662","L","48","215","023805","3001"
"242","124, Anderson Ln. Austin, TX, 78752","No_Match"
"1","620 Round Rock West Drive, Round Rock, TX, 78681","Match","Exact","620 ROUND ROCK WEST DR, ROUND ROCK, TX, 78681","-97.688749171204,30.503269391164","126445693","L","48","491","020503","2014"
"122","7640 Guadalupe St, Austin, TX, 78752","Match","Exact","7640 GUADALUPE ST, AUSTIN, TX, 78752","-97.71165809166,30.343359511282","63932083","L","48","453","040000","2005"
"243","57 Loop 150, West Bastrop, TX, 78602","Match","Non_Exact","57 LOOP 150, BASTROP, TX, 78602","-97.328931165685,30.105531792382","649009525","R","48","021","950401","3042"
"2","1811 SE Inner Loop, Georgetown, TX, 78626","Match","Exact","1811 SE INNER LOOP, GEORGETOWN, TX, 78626","-97.657223463808,30.613853489482","647910875","R","48","491","021405","2038"
"123","7000 N. MoPac Expy #200, Austin, TX, 78731","No_Match"
"3","2050 ROCKride Lane, Georgetown, TX, 78626","No_Match"
"124","1700 Rutherford Lane, Austin, TX, 78754","Match","Exact","1700 RUTHERFORD LN, AUSTIN, TX, 78754","-97.680206637669,30.33422131784","641249428","L","48","453","043600","3008"
"245","987 N SH 95, Bastrop, TX, 78602","Tie"
"4","405 Martin Luther King Street, Georgetown, TX, 78626","Match","Exact","405 MARTIN LUTHER KING ST, GEORGETOWN, TX, 78626","-97.680913263791,30.639860538682","126416324","R","48","491","021402","2014"
"125","6500 Metropolis Drive, Austin, TX, 78744","Match","Exact","6500 METROPOLIS DR, AUSTIN, TX, 78744","-97.710306976849,30.202104818821","637875613","R","48","453","002448","1022"
"246","2 Saint Marks Place, LaGrange, TX, 78945","No_Match"
"5","1200 W. 17th St., Georgetown, TX, 78626","No_Match"
"126","6800 Burleson Road, Austin, TX, 78744","Match","Exact","6800 BURLESON RD, AUSTIN, TX, 78744","-97.710212162777,30.2020259204","637875606","L","48","453","002448","2003"
"247","1016, Broadway Marble Falls, TX, 78654","No_Match"
"6","200 Wilco Way, Georgetown, TX, 78626","No_Match"
"127","2910 E. 5th St., Austin, TX, 78702","Match","Exact","2910 E 5TH ST, AUSTIN, TX, 78702","-97.709935579651,30.256283920407","63948915","L","48","453","000902","2012"
"248","218 E. Jackson, Burnet, TX 78611, Burnet, TX, 78611","No_Match"
"7","2201 Old Airport Rd., Georgetown, TX, 78628","Match","Non_Exact","2201 OLD AIRPORT RD, GEORGETOWN, TX, 78626","-97.66894192358,30.662546810362","126475490","R","48","491","020113","1003"
"249","100 N IH 35, Ste 2000, Austin, TX, 78701","Match","Non_Exact","100 I- 35 SVC RD N, AUSTIN, TX, 78701","-97.736809646422,30.261297453285","63981004","L","48","453","001103","2024"
"8","2000 Railroad Avenue, Georgetown, TX, 78626","Match","Exact","2000 RAILROAD AVE, GEORGETOWN, TX, 78626","-97.684634871524,30.626922320429","126470823","L","48","491","021402","4020"
"129","850 East Anderson Lane, Austin, TX, 78752","Match","Non_Exact","850 E ANDERSON LN SVC RD, AUSTIN, TX, 78752","-97.69803878022,30.338393069397","637850601","L","48","453","040300","3021"
"9","1401 N. Highway 183, Leander, TX, 78641","Match","Non_Exact","1401 US HWY 183, LEANDER, TX, 78641","-97.845581324213,30.561119683154","641270894","L","48","491","020332","1008"
"20","8956 Research Blvd, Austin, TX, 78758","No_Match"
"21","1200 W. 17th Street, Georgetown, TX, 78626","No_Match"
"22","6408 Muleshoe Bend Trail, Marble Falls, TX, 78654","Match","Exact","6408 MULESHOE BEND TRL, MARBLE FALLS, TX, 78654","-98.074461663371,30.506737991925","64078558","L","48","453","036400","2023"
"23","2418 Stratford Drive, Austin, TX, 78746","Match","Exact","2418 STRATFORD DR, AUSTIN, TX, 78746","-97.776634693722,30.274703326726","64017773","R","48","453","001910","1012"
"24","24814 Hamilton Pool Road, Round Mountain, TX, 78663","Match","Exact","24814 HAMILTON POOL RD, ROUND MOUNTAIN, TX, 78663","-98.139544586832,30.339205408058","637066145","L","48","453","036500","2039"
"25","2220 Barton Springs Road, Austin, TX, 78746","Match","Exact","2220 BARTON SPRINGS RD, AUSTIN, TX, 78746","-97.769029303442,30.266224562324","63992512","R","48","453","001911","3002"
"26","3100 East 4th Street, Austin, TX, 78702","Match","Exact","3100 E 4TH ST, AUSTIN, TX, 78702","-97.708666617501,30.254464697085","63948929","L","48","453","000902","2024"
"27","13300 Pond Springs Road, Austin, TX, 78729","Match","Exact","13300 POND SPRINGS RD, AUSTIN, TX, 78729","-97.782095001013,30.447948416244","126431817","L","48","491","020406","2000"
"28","2306 Hancock Drive, Austin, TX, 78756","Match","Exact","2306 HANCOCK DR, AUSTIN, TX, 78756","-97.74275681366,30.324315298944","63929498","R","48","453","000206","3004"
"29","1200 Montopolis Drive, Austin, TX, 78741","Match","Exact","1200 MONTOPOLIS DR, AUSTIN, TX, 78741","-97.698902033918,30.232319627812","63949277","R","48","453","002325","3014"
"250","4920 North I-35, Austin, TX 78751, Austin, TX, 78751","No_Match"
"131","215 S. Reimer Avenue, San Marcos, TX, 78666","Match","Non_Exact","215 REIMER AVE, SAN MARCOS, TX, 78666","-97.97683295747,29.852272672502","63835598","L","48","209","010602","2026"
"132","810 Arizona Street, San Marcos, TX, 78666","Match","Exact","810 ARIZONA ST, SAN MARCOS, TX, 78666","-97.944337906988,29.870222876065","63814263","R","48","209","010500","1038"
"133","901 Bois D'Arc Street, Lockhart, TX, 78644","Match","Exact","901 BOIS DARC ST, LOCKHART, TX, 78644","-97.684756594655,29.885270323548","45531003","L","48","055","960400","3005"
"134","1209 Linden St, Bastrop, TX, 78602","Match","Exact","1209 LINDEN ST, BASTROP, TX, 78602","-97.314461685988,30.125201375678","45468546","L","48","021","950401","4017"
"135","5325 Airport Blvd, 2do piso, Austin, TX, 78753","Match","Non_Exact","5325 AIRPORT BLVD, AUSTIN, TX, 78751","-97.714884849125,30.314267125881","63932483","R","48","453","002105","2014"
"136","7640 Guadalupe St, Austin, TX, 78752","Match","Exact","7640 GUADALUPE ST, AUSTIN, TX, 78752","-97.71165809166,30.343359511282","63932083","L","48","453","040000","2005"
"137","2601 Exposition Boulevard, Austin, TX, 78703","No_Match"
"138","5555 N. Lamar, Building J Suite 125, Austin, TX, 78751","Match","Non_Exact","5555 N LAMAR BLVD, AUSTIN, TX, 78751","-97.727628130341,30.323802057897","641885238","R","48","453","001503","1006"
"139","7201 Levander Loop, Building C, Austin, TX, 78702","No_Match"
"30","2005 Wheless Lane, Austin, TX, 78723","Match","Exact","2005 WHELESS LN, AUSTIN, TX, 78723","-97.68770220831,30.313762259736","64020419","R","48","453","002106","1002"
"31","3000 S IH 35, Austin, TX, 78704","No_Match"
"32","610 E. 45th Street, Austin, TX, 78751","Match","Exact","610 E 45TH ST, AUSTIN, TX, 78751","-97.723432360135,30.306674432243","63945881","L","48","453","000304","2030"
"33","3804 Avenue B, Austin, TX, 78751","Match","Exact","3804 AVE B, AUSTIN, TX, 78751","-97.736329890761,30.301949707135","652310695","L","48","453","000302","5011"
"34","500 W Ben White Boulevard, Austin, TX, 78704","Match","Non_Exact","500 W BEN WHITE SVC RD, AUSTIN, TX, 78704","-97.765736700053,30.224927999257","64097522","R","48","453","001308","1007"
"35","810 W. 45th Street, Austin, TX, 78751","Match","Exact","810 W 45TH ST, AUSTIN, TX, 78751","-97.735435514344,30.31231595723","624841436","R","48","453","000203","2005"
"36","201 East Wilco Highway, Hutto, TX, 78634","No_Match"
"37","4430 Menchaca Rd, Austin, TX, 78745","Match","Non_Exact","4430 MANCHACA RD, AUSTIN, TX, 78745","-97.789496436521,30.228234795217","63943993","R","48","453","030300","1020"
"38","1221 W. Ben White Blvd., Austin, TX, 78704","Match","Exact","1221 W BEN WHITE BLVD, AUSTIN, TX, 78704","-97.778467421065,30.227322029935","64014922","L","48","453","002002","1003"
"39","7050 Elroy Rd., Austin, TX, 78617","Match","Non_Exact","7050 ELROY RD, DEL VALLE, TX, 78617","-97.642229123497,30.157779837875","640718335","R","48","453","002449","2047"
"140","4911 Harmon Avenue, Austin, TX, 78751","Match","Exact","4911 HARMON AVE, AUSTIN, TX, 78751","-97.712893068473,30.308857837465","63947305","R","48","453","000304","1013"
"141","1201 Pine Street, Bastrop, TX, 78602","Match","Exact","1201 PINE ST, BASTROP, TX, 78602","-97.313731255959,30.109482504456","45476374","L","48","021","950401","3013"
"142","987 N State Highway 95, Bastrop, TX, 78602","Tie"
"143","306 Paul C Bell St, Bastrop, TX, 78602","Match","Exact","306 PAUL C BELL ST, BASTROP, TX, 78602","-97.317429229407,30.103180459117","45467081","L","48","021","950403","1005"
"144","303 Ave C, Elgin, TX, 78621","Tie"
"145","302 West 11th Street, Elgin, TX, 78621","Match","Exact","302 W 11TH ST, ELGIN, TX, 78621","-97.379364625869,30.352158038491","45460573","L","48","021","950202","2012"
"146","205 W. 2nd Street, Elgin, TX, 78621","Match","Exact","205 W 2ND ST, ELGIN, TX, 78621","-97.372228722835,30.349053023549","45461184","R","48","021","950202","2041"
"147","301 Lee St. Smithville, TX 78957, Smithville, TX, 78957","Match","Non_Exact","301 LEE ST, SMITHVILLE, TX, 78957","-97.162544416886,30.00421724728","45469307","R","48","021","950700","4068"
"148","111 Pearce Lane, Cedar Creek, TX, 78612","Match","Exact","111 PEARCE LN, CEDAR CREEK, TX, 78612","-97.49997933017,30.086444422563","45471373","L","48","021","950804","2001"
"149","5630 FM 535, Cedar Creek, TX, 78612","Match","Exact","5630 FM 535, CEDAR CREEK, TX, 78612","-97.500852071141,30.083886904657","45476669","R","48","021","950804","2017"
"40","2909 North IH35, Austin, TX, 78722","No_Match"
"41","1101 Camino La Costa, Austin, TX, 78752","Match","Exact","1101 CAM LA COSTA, AUSTIN, TX, 78752","-97.700194597664,30.324875579805","654552511","R","48","453","043400","2008"
"42","405 W. Stassney Lane, Austin, TX, 78745","Match","Non_Exact","405 E STASSNEY LN, AUSTIN, TX, 78745","-97.771764751983,30.202823324581","64096703","R","48","453","002443","1006"
"43","7500 Blessing Avenue, Austin, TX, 78752","Match","Exact","7500 BLESSING AVE, AUSTIN, TX, 78752","-97.69306280548,30.332027518138","649480854","L","48","453","043300","1009"
"44","5202 E. Ben White Blvd., Austin, TX, 78741","Match","Exact","5202 E BEN WHITE BLVD, AUSTIN, TX, 78741","-97.727076430412,30.214530757707","638651293","L","48","453","002313","1007"
"45","3001 S. Congress Ave, Austin, TX, 78704","Match","Non_Exact","3001 CONGRESS AVE S, AUSTIN, TX, 78704","-97.757808218145,30.23336705748","64121665","L","48","453","002323","3001"
"46","4201 South Congress Avenue Ste 202, Austin, TX, 78745","Match","Non_Exact","4201 CONGRESS AVE S, AUSTIN, TX, 78745","-97.764854785415,30.221245548362","63945197","L","48","453","002403","1004"
"47","9111 Jollyville Rd, Austin, TX, 78759","Match","Exact","9111 JOLLYVILLE RD, AUSTIN, TX, 78759","-97.743300108233,30.381596235919","63998562","R","48","453","030100","3017"
"48","810 W 45th St, Austin, TX, 78751","Match","Exact","810 W 45TH ST, AUSTIN, TX, 78751","-97.735435514344,30.31231595723","624841436","R","48","453","000203","2005"
"49","604 High Tech Drive, Georgetown, TX, 78626","Match","Exact","604 HIGH TECH DR, GEORGETOWN, TX, 78626","-97.670418401313,30.619334151063","126500086","R","48","491","021407","2002"
"150","125 Voss Pkwy, Cedar Creek, TX, 78612","Match","Exact","125 VOSS PKWY, CEDAR CREEK, TX, 78612","-97.47852773545,30.093349035508","45489334","R","48","021","950303","2002"
"151","1501 US-290, Elgin, TX, 78621","Match","Exact","1501 US HWY 290, ELGIN, TX, 78621","-97.404131293349,30.352226324199","45500350","R","48","021","950202","2016"
"152","Bastrop Community Senior Center, 1209 Linden St, Bastrop, TX, 78602","Match","Non_Exact","1209 LINDEN ST, BASTROP, TX, 78602","-97.314461685988,30.125201375678","45468546","L","48","021","950401","4017"
"153","443 Texas Highway 71, Bastrop, TX, 78602","Match","Non_Exact","443 STATE HWY 71 W, BASTROP, TX, 78602","-97.353902183688,30.110959370086","45485066","R","48","021","950302","1003"
"154","502 Farm Street, Bastrop, TX, 78602","Match","Exact","502 FARM ST, BASTROP, TX, 78602","-97.32158564417,30.112690260315","45466865","R","48","021","950401","1008"
"155","515 Old McDade Road, Elgin, TX, 78621","Match","Exact","515 OLD MCDADE RD, ELGIN, TX, 78621","-97.364473342414,30.346398841232","45473374","L","48","021","950201","1003"
"156","200-A Depot Street, Elgin, TX, 78621","Match","Non_Exact","200 DEPOT ST, ELGIN, TX, 78621","-97.371470653728,30.34729592992","45461202","L","48","021","950202","2046"
"157","165 W Austin Street, Giddings, TX, 78942","Match","Exact","165 W AUSTIN ST, GIDDINGS, TX, 78942","-96.937983391088,30.1830477827","39132855","R","48","287","000400","4071"
"158","15 American Legion Drive, Bastrop, TX, 78602","Match","Exact","15 AMERICAN LEGION DR, BASTROP, TX, 78602","-97.295496774407,30.107303488301","657933527","R","48","021","950401","2028"
"159","275 Jackson Street, Bastrop, TX, 78602","Match","Exact","275 JACKSON ST, BASTROP, TX, 78602","-97.307379588104,30.102406136824","657939597","L","48","021","950403","3003"
"50","6500 Metropolis Drive, Austin, TX, 78744","Match","Exact","6500 METROPOLIS DR, AUSTIN, TX, 78744","-97.710306976849,30.202104818821","637875613","R","48","453","002448","1022"
"51","1111 Montopolis Dr., Austin, TX, 78741","Match","Exact","1111 MONTOPOLIS DR, AUSTIN, TX, 78741","-97.698347342631,30.23295051919","63949278","L","48","453","002321","1011"
"52","200 E. 8th St, Austin, TX, 78701","Match","Exact","200 E 8TH ST, AUSTIN, TX, 78701","-97.740696585361,30.269570081546","63946477","L","48","453","001101","1015"
"53","1300 Lavaca St., Austin, TX, ","Match","Exact","1300 LAVACA ST, AUSTIN, TX, 78701","-97.742633852007,30.275804893724","63943299","L","48","453","000700","1069"
"54","2203 San Antonio Street, Austin, TX, 78705","Match","Exact","2203 SAN ANTONIO ST, AUSTIN, TX, 78705","-97.742824975052,30.28516485659","63942722","R","48","453","000608","1005"
"55","2409 Guadalupe Street, Austin, TX, 78705","Match","Exact","2409 GUADALUPE ST, AUSTIN, TX, 78705","-97.741471735453,30.287850560574","63942712","R","48","453","000601","2009"
"56","2911 AW Grimes Blvd #203, Pflugerville, TX, 78660","Match","Non_Exact","2911 A W GRIMES BLVD, PFLUGERVILLE, TX, 78660","-97.643205088749,30.477624315033","640319370","L","48","453","046200","1013"
"57","818 East 53rd Street, Austin, TX, 78751","Match","Exact","818 E 53RD ST, AUSTIN, TX, 78751","-97.714780870706,30.313947457322","63932486","L","48","453","002105","2014"
"58","1015 Norwood Park Blvd., Austin, TX, 78753","Match","Exact","1015 NORWOOD PARK BLVD, AUSTIN, TX, 78753","-97.692986090291,30.339170351618","64123786","R","48","453","040300","3021"
"59","5301 Ross Rd., Del Valle, TX, 78617","Match","Exact","5301 ROSS RD, DEL VALLE, TX, 78617","-97.61519984697,30.178219272974","646489385","L","48","453","002453","1005"
"160","711 W 10th St., Elgin, TX, 78621","Match","Exact","711 W 10TH ST, ELGIN, TX, 78621","-97.380360662554,30.34787521348","45460825","R","48","021","950202","2032"
"161","605 Old Austin Hwy, Bastrop, TX, 78602","Match","Exact","605 OLD AUSTIN HWY, BASTROP, TX, 78602","-97.337329024503,30.111053621098","649008497","R","48","021","950301","1016"
"162","301 Hwy 71 W, Bastrop, TX, 78602","Match","Exact","301 HWY 71 W, BASTROP, TX, 78602","-97.334728258613,30.106899299046","45500349","L","48","021","950403","2004"
"163","104 Loop 150, Bastrop, TX, 78602","Match","Exact","104 LOOP 150, BASTROP, TX, 78602","-97.329141331888,30.105370308357","649009524","L","48","021","950401","3048"
"164","275 Jackson St., Bastrop, TX, 78602","Match","Exact","275 JACKSON ST, BASTROP, TX, 78602","-97.307379588104,30.102406136824","657939597","L","48","021","950403","3003"
"165","808 SE Martin Luther King Drive, Smithville, TX, 78957","No_Match"
"166","104 Loop 150 W, Bastrop, TX, 78602","Match","Non_Exact","104 LOOP 150, BASTROP, TX, 78602","-97.329141331888,30.105370308357","649009524","L","48","021","950401","3048"
"167","Estación Bastrop: 310 Hospital Dr, Bastrop, TX, 78602","Match","Non_Exact","310 HOSPITAL DR, BASTROP, TX, 78602","-97.329788196522,30.107033063842","649008631","L","48","021","950401","3044"
"168","1602 Hill Street, Bastrop, TX, 78602","Match","Exact","1602 HILL ST, BASTROP, TX, 78602","-97.315174099078,30.117003996884","45466785","L","48","021","950401","1021"
"169","2402 Main St, Bastrop, TX, 78602","Match","Exact","2402 MAIN ST, BASTROP, TX, 78602","-97.32045723826,30.128424657845","45464160","L","48","021","950401","4014"
"60","1007 E 41st St., Austin, TX, 78751","Match","Exact","1007 E 41ST ST, AUSTIN, TX, 78751","-97.720136142284,30.298550430798","63945926","R","48","453","000302","1012"
"61","6711 Johnny Morris Rd., Austin, TX, 78724","Match","Exact","6711 JOHNNY MORRIS RD, AUSTIN, TX, 78724","-97.648051929391,30.300379483019","642469466","R","48","453","002220","1027"
"62","5811 Palo Blanco Lane, Austin, TX, 78744","No_Match"
"63","7500 Blessing Avenue, Austin, TX, 78752","Match","Exact","7500 BLESSING AVE, AUSTIN, TX, 78752","-97.69306280548,30.332027518138","649480854","L","48","453","043300","1009"
"64","211 Comal Street, Austin, TX, 78702","Match","Exact","211 COMAL ST, AUSTIN, TX, 78702","-97.72811629403,30.259538455721","63947143","R","48","453","000902","4053"
"65","1200 Montopolis Drive, Austin, TX, 78741","Match","Exact","1200 MONTOPOLIS DR, AUSTIN, TX, 78741","-97.698902033918,30.232319627812","63949277","R","48","453","002325","3014"
"66","3000 S. I-35 Frontage Road, Austin, TX, 78704","No_Match"
"67","1111 Fairfield Dr, Austin, TX, 78758","Match","Exact","1111 FAIRFIELD DR, AUSTIN, TX, 78758","-97.708738407205,30.358888695117","63931963","L","48","453","040100","3009"
"68","1005 E 40th St, Austin, TX, 78751","Match","Exact","1005 E 40TH ST, AUSTIN, TX, 78751","-97.720140720548,30.297354389831","63946181","R","48","453","000302","1015"
"69","209 W. 27th Street, Austin, TX, 78705","Match","Exact","209 W 27TH ST, AUSTIN, TX, 78705","-97.739080017072,30.291781699937","63945653","L","48","453","000601","2004"
"170","1602 Hill Street, Bastrop, TX, 78602","Match","Exact","1602 HILL ST, BASTROP, TX, 78602","-97.315174099078,30.117003996884","45466785","L","48","021","950401","1021"
"171","1602 Hill Street, Bastrop, TX, 78602","Match","Exact","1602 HILL ST, BASTROP, TX, 78602","-97.315174099078,30.117003996884","45466785","L","48","021","950401","1021"
"172","1100 Church Street, Bastrop, TX, 78602","Match","Exact","1100 CHURCH ST, BASTROP, TX, 78602","-97.321322913838,30.112137160125","45466880","L","48","021","950401","1007"
"173","507 Main St, Smithville, TX, 78957","Match","Exact","507 MAIN ST, SMITHVILLE, TX, 78957","-97.158641966876,30.010283503298","45469011","L","48","021","950700","2026"
"174","404 N. Main Street, Elgin, TX, 78621","Match","Exact","404 N MAIN ST, ELGIN, TX, 78621","-97.371673529343,30.350535606091","45461176","L","48","021","950202","2001"
"175","1501 W. US Highway 290, Elgin, TX, 78621","Match","Non_Exact","1501 US HWY 290, ELGIN, TX, 78621","-97.404131293349,30.352226324199","45500350","R","48","021","950202","2016"
"176","1201 Pine St, Bastrop, TX, 78602","Match","Exact","1201 PINE ST, BASTROP, TX, 78602","-97.313731255959,30.109482504456","45476374","L","48","021","950401","3013"
"177","3809 Loop 150 E, Bastrop, TX, 78602","No_Match"
"178","218 S Main St, Elgin, TX, 78621","Match","Exact","218 S MAIN ST, ELGIN, TX, 78621","-97.369745497442,30.345815269193","45461229","L","48","021","950202","3013"
"179","53 Loop 150 West, Bastrop, TX, 78602","Match","Non_Exact","53 LOOP 150, BASTROP, TX, 78602","-97.328932709373,30.10552848448","649009525","R","48","021","950401","3042"
"70","1503 S. I-35 Frontage Rd, Austin, TX, 78741","Match","Non_Exact","1503 S I- 35 SVC RD, AUSTIN, TX, 78741","-97.735047607669,30.24322360008","642469883","L","48","453","001403","2014"
"71","813 E. 8th Street, Austin, TX, 78702","Match","Exact","813 E 8TH ST, AUSTIN, TX, 78702","-97.733398227215,30.267408392177","63946655","R","48","453","000901","2013"
"72","4550 Mueller Blvd., Austin, TX, 78723","Match","Exact","4550 MUELLER BLVD, AUSTIN, TX, 78723","-97.707118794819,30.297524012531","641270374","L","48","453","000309","3022"
"73","500 E 7th Street, Austin, TX, 78701","Match","Non_Exact","500 W 7TH ST, AUSTIN, TX, 78701","-97.747043829002,30.270325892098","63943355","R","48","453","001101","2032"
"74","821 Gunter Street, Austin, TX, 78702","Match","Exact","821 GUNTER ST, AUSTIN, TX, 78702","-97.701511530882,30.259361030684","63948110","R","48","453","000902","1000"
"75","505 Barton Springs Rd., Austin, TX, 78704","Match","Exact","505 BARTON SPRINGS RD, AUSTIN, TX, 78704","-97.749273200861,30.258445516251","63944822","L","48","453","001311","1007"
"76","505 Barton Springs Road, Austin, TX, 78704","Match","Exact","505 BARTON SPRINGS RD, AUSTIN, TX, 78704","-97.749273200861,30.258445516251","63944822","L","48","453","001311","1007"
"77","4800 Manor Rd., Austin, TX, 78723","Match","Exact","4800 MANOR RD, AUSTIN, TX, 78723","-97.688969858832,30.295253553201","649002683","L","48","453","000308","1001"
"78","4613 Tannehill Lane, Austin, TX, 78721","Match","Exact","4613 TANNEHILL LN, AUSTIN, TX, 78721","-97.671640940227,30.283868510119","63951731","R","48","453","002110","2001"
"79","4613 Tannehill Ln, Austin, TX, 78721","Match","Exact","4613 TANNEHILL LN, AUSTIN, TX, 78721","-97.671640940227,30.283868510119","63951731","R","48","453","002110","2001"
"180","4920 North I-35, Austin, TX, 78751","No_Match"
"181","804 Pecan Street, Bastrop, TX, 78602","Match","Exact","804 PECAN ST, BASTROP, TX, 78602","-97.317556188746,30.108534978889","45466965","L","48","021","950401","3017"
"182","104 Loop 150, Bastrop, TX, 78602","Match","Exact","104 LOOP 150, BASTROP, TX, 78602","-97.329141331888,30.105370308357","649009524","L","48","021","950401","3048"
"183","361 N. Hwy 95, Elgin, TX, ","Match","Non_Exact","361 STATE HWY 95 N, ELGIN, TX, 78621","-97.384902056655,30.353066514934","45460546","R","48","021","950202","2013"
"184","804 Pine Street, Bastrop, TX, 78602","Match","Exact","804 PINE ST, BASTROP, TX, 78602","-97.318615324832,30.109516913468","45466945","R","48","021","950401","3006"
"185","1642 NE Loop 230, Smithville, TX, 78957","Match","Exact","1642 NE LOOP 230, SMITHVILLE, TX, 78957","-97.138522010531,29.99942615626","639633358","L","48","021","950700","4001"
"186","806 Water St., Bastrop, TX, 78602","Match","Exact","806 WATER ST, BASTROP, TX, 78602","-97.318787214765,30.108545678993","45466964","L","48","021","950401","3009"
"187","2900 West Pecan Street, Pflugerville, TX, 78660","Match","Exact","2900 W PECAN ST, PFLUGERVILLE, TX, 78660","-97.658127379196,30.449882849435","64116768","R","48","453","046500","2023"
"188","15822 Foothill Farms Loop, Pflugerville, TX, 78660","Match","Exact","15822 FOOTHILL FARMS LOOP, PFLUGERVILLE, TX, 78660","-97.652194443577,30.44776622102","657256683","L","48","453","042600","2012"
"189","2700 W. Pecan St., Pflugerville, TX, 78660","No_Match"
"80","908 E Cesar Chavez St, Austin, TX, 78702","Match","Exact","908 E CESAR CHAVEZ ST, AUSTIN, TX, 78702","-97.735384901884,30.260916608742","63946626","L","48","453","000902","4051"
"81","611 Neches St., Austin, TX, 78701","Match","Exact","611 NECHES ST, AUSTIN, TX, 78701","-97.738133883428,30.266899108638","63946499","R","48","453","001101","1033"
"82","1314 E Oltorf St, Austin, TX, 78704","Match","Exact","1314 E OLTORF ST, AUSTIN, TX, 78704","-97.743371852527,30.234529768316","63945136","L","48","453","002323","1007"
"83","4301 Tannehill Lane, Austin, TX, 78721","Match","Exact","4301 TANNEHILL LN, AUSTIN, TX, 78721","-97.672552350731,30.28137799203","63951733","R","48","453","002110","2009"
"84","901 W. Braker Lane, Austin, TX, 78758","Match","Exact","901 W BRAKER LN, AUSTIN, TX, 78758","-97.686593590168,30.381960004297","641676886","L","48","453","041900","2020"
"85","2409 Guadalupe St., Austin, TX, 78705","Match","Exact","2409 GUADALUPE ST, AUSTIN, TX, 78705","-97.741471735453,30.287850560574","63942712","R","48","453","000601","2009"
"86","3100 Red River Suite 3, Austin, TX, 78705","Match","Non_Exact","3100 RED RIVER ST, AUSTIN, TX, 78705","-97.727288368731,30.29037526522","63946096","L","48","453","000401","3000"
"87","10700 Anderson Mill Rd #300, Austin, TX, 78750","Match","Exact","10700 ANDERSON MILL RD, AUSTIN, TX, 78750","-97.811995808788,30.446953047535","652310169","R","48","453","034300","2015"
"88","901 W. Braker Lane, Austin, TX, 78758","Match","Exact","901 W BRAKER LN, AUSTIN, TX, 78758","-97.686593590168,30.381960004297","641676886","L","48","453","041900","2020"
"89","1015 Norwood Park Boulevard, Austin, TX, 78753","Match","Exact","1015 NORWOOD PARK BLVD, AUSTIN, TX, 78753","-97.692986090291,30.339170351618","64123786","R","48","453","040300","3021"
"190","1401 W. Pecan St., Pflugerville, TX, 78660","Match","Non_Exact","1401 PECAN ST W, PFLUGERVILLE, TX, 78660","-97.635386739301,30.446685430783","641803663","R","48","453","044500","2000"
"191","1008 W. Pfluger St., Pflugerville, TX, 78660","Match","Exact","1008 W PFLUGER ST, PFLUGERVILLE, TX, 78660","-97.628823188033,30.441656788504","63966560","L","48","453","044500","2005"
"192","400 Immanuel Road, Pflugerville, TX, 78660","No_Match"
"193","600 W Carrie Manor St, Manor, TX, 78653","Match","Non_Exact","600 CARRIE MANOR ST W, MANOR, TX, 78653","-97.564043035678,30.340617482298","647948945","R","48","453","002219","2016"
"194","3518 FM 973, Del Valle, TX, 78617","Match","Non_Exact","3518 FM 973 S, DEL VALLE, TX, 78617","-97.641766424749,30.198785094942","649109547","R","48","453","002319","1011"
"195","7050 Elroy Rd., Del Valle, TX, 78617","Match","Exact","7050 ELROY RD, DEL VALLE, TX, 78617","-97.642229123497,30.157779837875","640718335","R","48","453","002449","2047"
"196","10323 US Hwy 290 E, Manor, TX, 78653","Match","Non_Exact","10323 US HWY 290, MANOR, TX, 78653","-97.571835057075,30.345813113987","641905377","R","48","453","002217","2061"
"197","5121 Albert Brown Dr, Del Valle, TX, 78617","Match","Exact","5121 ALBERT BROWN DR, DEL VALLE, TX, 78617","-97.560691413413,30.187712499454","63970899","L","48","453","002453","3013"
"198","1304 Ranch Road 620 North, Lakeway, TX, 78734","Match","Exact","1304 RANCH RD 620 N, LAKEWAY, TX, 78734","-97.946547557707,30.376990046411","641779160","L","48","453","031400","3019"
"199","18649 FM 1431, Jonestown, TX, 78645","No_Match"
"90","304 E. 7th St, Austin, TX, 78701","Match","Exact","304 E 7TH ST, AUSTIN, TX, 78701","-97.73991485344,30.268326453613","63946492","L","48","453","001101","1019"
"91","8700 Menchaca Rd, Austin, TX, 78748","Match","Non_Exact","8700 MANCHACA RD, AUSTIN, TX, 78748","-97.816714998975,30.185401547547","64005930","R","48","453","031800","2002"
"92","3007 N Lamar Blvd, Austin, TX, 78705","Match","Exact","3007 N LAMAR BLVD, AUSTIN, TX, 78705","-97.74655989559,30.299539990354","63942478","R","48","453","000204","1022"
"93","4201 S Congress Ave, Austin, TX, 78745","Match","Non_Exact","4201 CONGRESS AVE S, AUSTIN, TX, 78745","-97.764854785415,30.221245548362","63945197","L","48","453","002403","1004"
"94","4215 Medical Pkwy, Austin, TX, 78756","Match","Exact","4215 MEDICAL PKWY, AUSTIN, TX, 78756","-97.742443922372,30.31155349063","638001004","R","48","453","000204","3008"
"95","7201 Levander Loop Bldg. C, Austin, TX, 78702","No_Match"
"96","850 East Anderson Lane, Austin, TX, 78752","Match","Non_Exact","850 E ANDERSON LN SVC RD, AUSTIN, TX, 78752","-97.69803878022,30.338393069397","637850601","L","48","453","040300","3021"
"97","5501 Airport Blvd, Austin, TX, 78751","Match","Exact","5501 AIRPORT BLVD, AUSTIN, TX, 78751","-97.712697851496,30.318769733594","64046943","R","48","453","002105","2005"
"98","200 W 8th St, Austin, TX, 78701","Match","Exact","200 W 8TH ST, AUSTIN, TX, 78701","-97.743459021295,30.270343175709","63943418","R","48","453","001101","2036"
"99","1000 Guadalupe St, Austin, TX, 78701","Match","Exact","1000 GUADALUPE ST, AUSTIN, TX, 78701","-97.744938378299,30.272843643358","63943283","L","48","453","001101","2012"
"200","1005 Lacy Drive, Leander, TX, 78641","Match","Exact","1005 LACY DR, LEANDER, TX, 78641","-97.849243821789,30.565518895963","126421096","L","48","491","020332","1001"
"201","105 Cross Creek, Lakeway, TX, 78734","Match","Exact","105 CROSS CREEK, LAKEWAY, TX, 78734","-97.979611926101,30.362932713159","64023197","L","48","453","033100","3015"
"202","1938 Lohmans Crossing Rd, Lakeway, TX, 78734","Match","Exact","1938 LOHMANS CROSSING RD, LAKEWAY, TX, 78734","-97.975292231257,30.3444413279","641775685","R","48","453","036900","3018"
"203","1011 FM 1626, Manchaca, TX, 78652","No_Match"
"204","12511 FM 1625, Creedmoor, TX, 78610","Match","Exact","12511 FM 1625, CREEDMOOR, TX, 78610","-97.734848723504,30.086975629696","64011548","L","48","453","002434","1045"
"205","5604 FM 1327, Creedmoor, TX, 78610","Match","Exact","5604 FM 1327, CREEDMOOR, TX, 78610","-97.722679889095,30.088820482962","652971546","L","48","453","002432","2030"
"206","303 Ave C, Elgin, TX, 78621","Tie"
"207","902 West 2nd Street, Elgin, TX, 78621","Match","Exact","902 W 2ND ST, ELGIN, TX, 78621","-97.379188901863,30.348455311113","45460583","L","48","021","950202","2032"
"208","1309 Westbank Dr, Austin, TX, 78746","Match","Exact","1309 WESTBANK DR, AUSTIN, TX, 78746","-97.812171046711,30.274293508596","63956208","L","48","453","001919","2042"
"209","1700 Guadalupe St., Austin, TX, 78701","Match","Exact","1700 GUADALUPE ST, AUSTIN, TX, 78701","-97.742332778441,30.279809691347","63943246","L","48","453","000700","1032"
"210","4800 Manor Rd., Austin, TX, 78723","Match","Exact","4800 MANOR RD, AUSTIN, TX, 78723","-97.688969858832,30.295253553201","649002683","L","48","453","000308","1001"
"211","101 W Carrie Manor St., Manor, TX, 78653","Match","Non_Exact","101 E CARRIE MANOR ST, MANOR, TX, 78653","-97.557984539974,30.339436655283","63935889","L","48","453","002218","1011"
"212","Dawn Dr. & Thunderbird St., Lago Vista, TX, 78645","Match","Exact","DAWN DR & THUNDERBIRD ST, LAGO VISTA, TX, 78645","-97.98726505424,30.453821256946","","","48","453","037300","2008"
"213","502 E Highland Mall Blvd, Suite 106-B, Austin, TX, 78752","Match","Non_Exact","502 E HIGHLAND MALL BLVD, AUSTIN, TX, 78752","-97.710074491484,30.328127456676","63932405","L","48","453","001503","4011"
"214","201 Meadow Lane, Pflugerville, TX, 78660","Match","Exact","201 MEADOW LN, PFLUGERVILLE, TX, 78660","-97.626571166291,30.444050469744","625413135","L","48","453","042800","1024"
"215","5325 Airport Blvd., Austin, TX, 78751","Match","Exact","5325 AIRPORT BLVD, AUSTIN, TX, 78751","-97.714884849125,30.314267125881","63932483","R","48","453","002105","2014"
"216","903 Pfluger Street, Pflugerville, TX, 78660","Match","Non_Exact","903 W PFLUGER ST, PFLUGERVILLE, TX, 78660","-97.628040849765,30.441155483631","63933509","L","48","453","044500","3016"
"217","500 E. Pecan St., Pflugerville, TX, 78660","Match","Exact","500 E PECAN ST, PFLUGERVILLE, TX, 78660","-97.617254945611,30.438243218982","63964576","L","48","453","046300","1017"
"218","302 West 11th Street, Elgin, TX, 78621","Match","Exact","302 W 11TH ST, ELGIN, TX, 78621","-97.379364625869,30.352158038491","45460573","L","48","021","950202","2012"
"219","16309 Greenwood Dr, Del Valle, TX, 78617","Match","Exact","16309 GREENWOOD DR, DEL VALLE, TX, 78617","-97.560348858279,30.189579741812","63953190","R","48","453","002453","3013"
"220","6201 Lohman Ford Rd, Lago Vista, TX, 78645","Match","Exact","6201 LOHMAN FORD RD, LAGO VISTA, TX, 78645","-97.979380283177,30.453886411872","636371247","L","48","453","037600","3032"
"100","1700 Guadalupe St, Austin, TX, 78701","Match","Exact","1700 GUADALUPE ST, AUSTIN, TX, 78701","-97.742332778441,30.279809691347","63943246","L","48","453","000700","1032"
"101","2433 Ridgepoint Dr, Austin, TX, 78754","Match","Exact","2433 RIDGEPOINT DR, AUSTIN, TX, 78754","-97.674103755616,30.328993068823","641866951","R","48","453","043600","3022"
"222","601, W. Louis Henna Blvd. Round Rock, TX, 78664","No_Match"
"102","1700 Guadalupe St, Austin, TX, 78701","Match","Exact","1700 GUADALUPE ST, AUSTIN, TX, 78701","-97.742332778441,30.279809691347","63943246","L","48","453","000700","1032"
"223","13635 Rutledge Spur, Austin, TX, ","Match","Non_Exact","13635 RUTLEDGE SPR, AUSTIN, TX, 78717","-97.781005131765,30.475717563926","651926970","R","48","491","020311","3008"
"103","5325 Airport Blvd, Austin, TX, 78751","Match","Exact","5325 AIRPORT BLVD, AUSTIN, TX, 78751","-97.714884849125,30.314267125881","63932483","R","48","453","002105","2014"
"224","612, MLK Jr. Blvd. Taylor, TX, 76574","No_Match"
"104","1700 Guadalupe Street, Austin, TX, 78701","Match","Exact","1700 GUADALUPE ST, AUSTIN, TX, 78701","-97.742332778441,30.279809691347","63943246","L","48","453","000700","1032"
"225","7224, Northeast Dr. Austin, TX, 78723","No_Match"
"105","1700 Guadalupe St, Austin, TX, 78701","Match","Exact","1700 GUADALUPE ST, AUSTIN, TX, 78701","-97.742332778441,30.279809691347","63943246","L","48","453","000700","1032"
"226","2918, E Martin Luther King Jr. Blvd Austin, TX, 78722","No_Match"
"106","5805 N. Lamar Blvd., Austin, TX, 78752","Match","Exact","5805 N LAMAR BLVD, AUSTIN, TX, 78752","-97.725673172778,30.326902454533","63931596","R","48","453","001503","3021"
"227","6117 W Hwy 290, Austin, TX, 78749","Tie"
"107","405 Martin Luther King St, Georgetown, TX, 78626","Match","Exact","405 MARTIN LUTHER KING ST, GEORGETOWN, TX, 78626","-97.680913263791,30.639860538682","126416324","R","48","491","021402","2014"
"108","803 Pine Street, Bastrop, TX, 78602","Match","Exact","803 PINE ST, BASTROP, TX, 78602","-97.318636187198,30.109402162757","45466945","L","48","021","950401","3017"
"229","18649 FM 1631, Jonestown, TX, 78645","No_Match"
"109","1029 Camino La Costa, Austin, TX, 78752","Match","Exact","1029 CAM LA COSTA, AUSTIN, TX, 78752","-97.701660548776,30.325587286086","654552511","R","48","453","043400","2008"
