"lookup_id","resource_id","status","organization_name","title_en","original_address","query_street","query_city","query_state","query_zip","preflight","reason"
"1","248e2b4d-7a2c-4427-9773-5cf5d36bbc60","published","Sacred Heart Community Clinic","Free medical care for uninsured adults","620 Round Rock West Drive, Building 8, Round Rock, TX, 78681","620 Round Rock West Drive","Round Rock","TX","78681","ready",""
"2","d36aa5a9-9c03-4a98-ad40-e34106f4c6db","published","Williamson County Children’s Advocacy Center (WCCAC)","Support for child abuse victims","1811 SE Inner Loop, Georgetown, TX, 78626","1811 SE Inner Loop","Georgetown","TX","78626","ready",""
"3","f7cc7041-2b04-4ec8-a435-dfae78584f85","published","ROCK Ride On Center for Kids","Equine-assisted therapy and support","2050 ROCKride Lane, Georgetown, TX, 78626","2050 ROCKride Lane","Georgetown","TX","78626","ready",""
"4","c81ada7a-35f9-4f2c-8282-303c82c3b30c","published","Williamson County","Family Recovery Court","405 Martin Luther King Street, Georgetown, TX, 78626","405 Martin Luther King Street","Georgetown","TX","78626","ready",""
"5","145067fd-844f-4744-bb56-9d13c420ca50","published","STARRY + Georgetown Health Foundation","STARRY – Carver Center for Families","1200 W. 17th St., Georgetown, TX, 78626","1200 W. 17th St.","Georgetown","TX","78626","ready",""
"6","96e32345-c31a-4260-a816-efb412582e88","published","Williamson County Juvenile Services","Mental health and family support for justice-involved youth","200 Wilco Way, Georgetown, TX, 78626","200 Wilco Way","Georgetown","TX","78626","ready",""
"7","36baf425-4bb9-47ad-bc13-101fdfd4fb78","published","The Georgetown Project","NEST Empowerment Center","2201 Old Airport Rd., Georgetown, TX, 78628","2201 Old Airport Rd.","Georgetown","TX","78628","ready",""
"8","bfa1bda7-274b-42fb-9a1b-3cacab6c0395","published","The Caring Place","Food and crisis assistance","2000 Railroad Avenue, Programs & Services: 2001 Railroad Avenue, Georgetown, TX, 78626","2000 Railroad Avenue","Georgetown","TX","78626","ready",""
"9","5f5f2227-d772-4fbb-82fd-e81b283f3750","published","Operation Liberty Hill","Food, clothing, and financial assistance","1401 N. Highway 183, Leander, TX, 78641","1401 N. Highway 183","Leander","TX","78641","ready",""
"10","6aaaceb5-440b-463b-b09b-81c9752bc509","published","Literacy Council of Williamson County","Literacy, English, and GED preparation","805 West University Avenue, Georgetown, TX, 78626","805 West University Avenue","Georgetown","TX","78626","ready",""
"11","47f853a3-e0b3-4e4f-babf-72ca6fa7cff3","published","Catholic Charities of Central Texas","Catholic Charities – Immigration Legal Services in Georgetown","1200 W. 17th St., Carver Center, Georgetown, TX, 78626","1200 W. 17th St.","Georgetown","TX","78626","ready",""
"12","855ba650-5774-4bea-a87d-a4674464b7bc","published","Immigrant Legal Resource Center (ILRC)","Immigration Rights & Legal Resources","6633 East Hwy 290, Suite 102, Austin, TX, 78723","6633 East Hwy 290","Austin","TX","78723","ready",""
"13","36cce978-6612-4e04-8874-0a54503645eb","published","Austin Free-Net","Free Computer Access & Digital Skills","2209 Rosewood Ave., Austin, TX, 78702","2209 Rosewood Ave.","Austin","TX","78702","ready",""
"14","9e02be2f-dabf-4e0d-87ae-4b8aacdba5b4","published","Texas Baptist Children's Home","Transitional housing and counseling","1101 N. Mays Street, Round Rock, TX, 78664","1101 N. Mays Street","Round Rock","TX","78664","ready",""
"15","a922e19a-6fa5-4e4d-8621-48a7d7623ab7","published","The Settlement Home for Children Post-Adoption Services","Post-adoption support services","1600 Payton Gin Road, Austin, TX, 78758","1600 Payton Gin Road","Austin","TX","78758","ready",""
"16","e20bd28c-bbc1-4ff3-89f4-f6493b731344","published","Upbring","Foster care, adoption, and transition support","8305 Cross Park Drive, Austin, TX, 78754","8305 Cross Park Drive","Austin","TX","78754","ready",""
"17","9a3dbad5-475f-4fc9-bf04-66897b2da65c","published","Cross Creek Behavioral Health Hospital","Mental health and wellness services","8402 Cross Park Drive, Austin, TX, 78754","8402 Cross Park Drive","Austin","TX","78754","ready",""
"18","40f9a72b-aa77-4860-8ffd-6e4c473993a8","published","Healing Wings LLC","Therapy and psychological assessment for youth","4749 Williams Drive, Suite 323, Georgetown, TX, 78633","4749 Williams Drive","Georgetown","TX","78633","ready",""
"19","24a73cb9-c809-4de7-9d4a-91311a668122","published","Impact Counseling Services, Inc","Counseling for youth, adults, and families","2100 Scenic Drive, Suite 140, Georgetown, TX, 78626","2100 Scenic Drive","Georgetown","TX","78626","ready",""
"20","2952025e-0e38-4b4a-bda8-476c35c850d6","published","Samaritan Center","Mental health and wellness services","8956 Research Blvd, Building 2, Austin, TX, 78758","8956 Research Blvd","Austin","TX","78758","ready",""
"21","dc1dba5f-ed5e-4f0b-ab30-931192372aed","published","Boys and Girls Club of Georgetown","Youth development and recreation programs","1200 W. 17th Street, Georgetown, TX, 78626","1200 W. 17th Street","Georgetown","TX","78626","ready",""
"22","0e0452ad-c60b-4f3b-92ab-0434444425f4","published","Candlelight Ranch","Youth development and recreation programs","6408 Muleshoe Bend Trail, Marble Falls, TX, 78654","6408 Muleshoe Bend Trail","Marble Falls","TX","78654","ready",""
"23","1fee08a5-40ba-4bbf-b10a-0474d09ea20c","published","Rowing Dock","Youth development and recreation programs","2418 Stratford Drive, Austin, TX, 78746","2418 Stratford Drive","Austin","TX","78746","ready",""
"24","bc94d411-db8d-4ba0-8571-2a8e964f289a","published","Westcave Outdoor Discovery Center","Youth development and recreation programs","24814 Hamilton Pool Road, Round Mountain, TX, 78663","24814 Hamilton Pool Road","Round Mountain","TX","78663","ready",""
"25","a56bf4d3-8986-4009-b2d6-9c6273582a8d","published","Zilker Botanical Garden","Youth development and recreation programs","2220 Barton Springs Road, Austin, TX, 78746","2220 Barton Springs Road","Austin","TX","78746","ready",""
"26","15dc36d5-f3d8-4799-a3b8-adc185a5ed8f","published","VELA","Courses and support for parents of children with disabilities","3100 East 4th Street, Austin, TX, 78702","3100 East 4th Street","Austin","TX","78702","ready",""
"27","46442109-648c-4f51-9ed4-df714e0f9864","published","Fostering Hope","Training and support for foster families","13300 Pond Springs Road, Austin, TX, 78729","13300 Pond Springs Road","Austin","TX","78729","ready",""
"28","20e66dca-2481-48d1-a472-2f0cd5092e22","published","Christi Center","Mental health and wellness services","2306 Hancock Drive, Austin, TX, 78756","2306 Hancock Drive","Austin","TX","78756","ready",""
"29","180d2b16-e6f5-47b5-92fa-44df43637545","published","Bridge Lacrosse","Free youth lacrosse","1200 Montopolis Drive, Austin, TX, 78741","1200 Montopolis Drive","Austin","TX","78741","ready",""
"30","b460fd32-3961-4299-9beb-4f29f185029b","published","Austin Creative Reuse","Education and learning support programs","2005 Wheless Lane, Austin, TX, 78723","2005 Wheless Lane","Austin","TX","78723","ready",""
"31","ad6f0ff8-ebd7-4a63-be71-910d8a51f48a","published","Foundation Communities","Affordable Housing & Community Support Services","3000 S IH 35, Suite 300, Austin, TX, 78704","3000 S IH 35","Austin","TX","78704","ready",""
"32","e3497e15-889d-4c79-b5df-5464e49d62b3","published","Austin Clubhouse","Mental health and wellness services","610 E. 45th Street, Inside Hyde Park Christian Church, east entrance, Austin, TX, 78751","610 E. 45th Street","Austin","TX","78751","ready",""
"33","73b444a8-b037-4d04-8325-8e5ecec24043","published","Helping Hand Home for Children","Support for foster youth and families","3804 Avenue B, Austin, TX, 78751","3804 Avenue B","Austin","TX","78751","ready",""
"34","f114ecc1-49ca-4a76-ac67-cf07dc060373","published","Austin Habitat for Humanity","Affordable homeownership and housing counseling","500 W Ben White Boulevard, Austin, TX, 78704","500 W Ben White Boulevard","Austin","TX","78704","ready",""
"35","e01eedb9-6ee0-4c1b-81c6-b822ffc9e6c7","published","Austin Child Guidance Center","Mental health and wellness services","810 W. 45th Street, Austin, TX, 78751","810 W. 45th Street","Austin","TX","78751","ready",""
"36","964ed8a9-7a7f-48b6-8d16-233adc81572d","published","Centered Youth Clinic & Consulting","Primary and specialized health care for youth","201 East Wilco Highway, Suite 201, Hutto, TX, 78634","201 East Wilco Highway","Hutto","TX","78634","ready",""
"37","30fa47b2-4985-432a-b020-53f19e042059","published","Sunrise Homeless Navigation Center","Homeless navigation and basic-needs support","4430 Menchaca Rd, Austin, TX, 78745","4430 Menchaca Rd","Austin","TX","78745","ready",""
"38","0e830d50-cae6-4930-9a2b-987e73a20b85","published","Lone Star Circle of Care","MAP Enrollment & Affordable Health Care","1221 W. Ben White Blvd., Building B, Suite 200, Austin, TX, 78704","1221 W. Ben White Blvd.","Austin","TX","78704","ready",""
"39","622d9262-1590-46f0-a976-b75a1c13ec4d","published","CommUnityCare","Primary and specialty health services","7050 Elroy Rd., Austin, TX, 78617","7050 Elroy Rd.","Austin","TX","78617","ready",""
"40","0e96ff9d-9e8b-49e8-845a-e9952c5e138b","published","People's Community Clinic","Women’s Health Center","2909 North IH35, Austin, TX, 78722","2909 North IH35","Austin","TX","78722","ready",""
"41","1fb67fff-90dd-4867-8de4-878cc3e85322","published","People's Community Clinic","MAP Assistance & Affordable Health Care","1101 Camino La Costa, Austin, TX, 78752","1101 Camino La Costa","Austin","TX","78752","ready",""
"42","7fd18a9b-abd0-41c4-a16d-a776de28d1bd","published","Austin Public Health","Far South Immunization Clinic","405 W. Stassney Lane, Austin, TX, 78745","405 W. Stassney Lane","Austin","TX","78745","ready",""
"43","9fd1002c-023f-4650-aa26-9b5889fbf6fc","published","Austin Public Health","St. Johns Immunization Clinic","7500 Blessing Avenue, Austin, TX, 78752","7500 Blessing Avenue","Austin","TX","78752","ready",""
"44","4b2cd9bb-a1fc-409b-bdbe-39f3059edd9d","published","Ventanilla de Salud – Consulado General de México en Austin","Health Information & Preventive Services","5202 E. Ben White Blvd., Suite 150, Austin, TX, 78741","5202 E. Ben White Blvd.","Austin","TX","78741","ready",""
"45","6db18573-eec3-4bfb-9250-5392f9e27cbb","published","St. Edward's Community Counseling Clinic","Community Counseling Services","3001 S. Congress Ave, East Hall 153, Austin, TX, 78704","3001 S. Congress Ave","Austin","TX","78704","ready",""
"46","e8dbc5bb-9bba-4913-9c18-aeea7afd55a1","published","Lirios Para Mental Health","Bilingual counseling services","4201 South Congress Avenue Ste 202, Austin, TX, 78745","4201 South Congress Avenue Ste 202","Austin","TX","78745","ready",""
"47","bb12f176-ea4d-4370-80de-21b47489272b","published","Capital Area Counseling","Affordable counseling services","9111 Jollyville Rd, Suite 250, Austin, TX, 78759","9111 Jollyville Rd","Austin","TX","78759","ready",""
"48","78fd23b1-9406-49ad-b803-71e3e0c077ac","published","Austin Child Guidance Center","Child and family therapy","810 W 45th St, Austin, TX, 78751","810 W 45th St","Austin","TX","78751","ready",""
"49","380d78f2-3fd7-4cb0-ac5f-24952ac11a37","published","Opportunities for Williamson & Burnet Counties (OWBC)","Community Services, Head Start & Meals on Wheels","604 High Tech Drive, Georgetown, TX, 78626","604 High Tech Drive","Georgetown","TX","78626","ready",""
"50","71ef5708-40b2-46e5-b632-07f876b68844","published","Central Texas Food Bank","Food distribution","6500 Metropolis Drive, Austin, TX, 78744","6500 Metropolis Drive","Austin","TX","78744","ready",""
"51","7a381e10-25c6-442b-a53a-6e7838946815","published","Dolores Catholic Church","Food Pantry","1111 Montopolis Dr., Austin, TX, 78741","1111 Montopolis Dr.","Austin","TX","78741","ready",""
"52","b2d878c8-fb16-4cec-98ef-214683c19eae","published","Central Presbyterian Church","Central Mission: breakfast and basic needs","200 E. 8th St, Austin, TX, 78701","200 E. 8th St","Austin","TX","78701","ready",""
"53","3ea9291b-b85a-4009-b49a-79169c6e0b4c","published","Foundation for the Homeless / Feed My People","Breakfast, showers and clothing","1300 Lavaca St., Austin, TX","1300 Lavaca St.","Austin","TX","","ready",""
"54","4fa4cebd-453a-42f5-866f-020952f2260a","published","University Presbyterian Church","Food pantry and utility assistance","2203 San Antonio Street, Austin, TX, 78705","2203 San Antonio Street","Austin","TX","78705","ready",""
"55","c5211c29-1b7f-43fc-bbd3-209a9af4b1ad","published","University United Methodist Church","Open Door breakfast and clothing","2409 Guadalupe Street, Austin, TX, 78705","2409 Guadalupe Street","Austin","TX","78705","ready",""
"56","29e8c472-0ea5-487b-8bc6-1ef6152a06d1","published","Consultame","Mexican Consulate procedure assistance","2911 AW Grimes Blvd #203, Pflugerville, TX, 78660","2911 AW Grimes Blvd #203","Pflugerville","TX","78660","ready",""
"57","4aca8d3c-240c-4408-b9fc-16d2c7bf2ac7","published","Child Inc.","Child care for families with low incomes","818 East 53rd Street, Austin, TX, 78751","818 East 53rd Street","Austin","TX","78751","ready",""
"58","c59aeb14-d78e-4511-be0f-f8f21479b7d5","published","The Goodwill Excel Center","Adult high school diploma and career training","1015 Norwood Park Blvd., Austin, TX, 78753","1015 Norwood Park Blvd.","Austin","TX","78753","ready",""
"59","1e2c42fa-f230-4e76-afd3-9f70e1f51d8c","published","UT Austin School of Nursing","Children's Wellness Center","5301 Ross Rd., Building H, Suite H, Del Valle, TX, 78617","5301 Ross Rd.","Del Valle","TX","78617","ready",""
"60","9c1858a2-e36d-4bd8-b287-ad85594efea5","published","The Source Women's Health Center","Women’s health services","1007 E 41st St., Austin, TX, 78751","1007 E 41st St.","Austin","TX","78751","ready",""
"61","87a796dc-71a2-4d5a-b14c-292e6d11ac96","published","Northeast Health Resource Center","Free diapers and menstrual products","6711 Johnny Morris Rd., Austin, TX, 78724","6711 Johnny Morris Rd.","Austin","TX","78724","ready",""
"62","07b26629-178f-422e-9cbe-cb62b3c1416e","published","Austin Public Health","Dove Springs Neighborhood Center","5811 Palo Blanco Lane, Austin, TX, 78744","5811 Palo Blanco Lane","Austin","TX","78744","ready",""
"63","03ab5ff0-7750-4d87-b288-0471a3f8691c","published","Austin Public Health","St. John Community Center","7500 Blessing Avenue, Austin, TX, 78752","7500 Blessing Avenue","Austin","TX","78752","ready",""
"64","f28939b6-8201-4657-a509-f1909198b3ff","published","Austin Public Health","East Austin Neighborhood Center","211 Comal Street, Austin, TX, 78702","211 Comal Street","Austin","TX","78702","ready",""
"65","3c82de24-1c8f-4d9b-bbde-7673dc6791da","published","Austin Public Health","Montopolis Community Center","1200 Montopolis Drive, Austin, TX, 78741","1200 Montopolis Drive","Austin","TX","78741","ready",""
"66","705a5ab0-a0d7-4fd5-86b7-6afa79678d64","published","Dress for Success Austin","Employment and professional clothing support","3000 S. I-35 Frontage Road, Suite 180, Austin, TX, 78704","3000 S. I-35 Frontage Road","Austin","TX","78704","ready",""
"67","fce78f82-15f4-431b-8524-c739e9d59503","published","Navarro High School Family Resource Center","Family Resource Center","1111 Fairfield Dr, Austin, TX, 78758","1111 Fairfield Dr","Austin","TX","78758","ready",""
"68","965b2004-2de8-49f4-a0d3-d0f6a0ccb3ac","published","Lincoln-Goldfinch Law","Immigration legal services","1005 E 40th St, Austin, TX, 78751","1005 E 40th St","Austin","TX","78751","ready",""
"69","0a97f4ee-26c3-4a07-a118-c3cf024c20d5","published","All Saints Episcopal Church Rent and Utility Assistance","Rent and utility assistance","209 W. 27th Street, Austin, TX, 78705","209 W. 27th Street","Austin","TX","78705","ready",""
"70","283c04bd-73bd-4dad-8644-0d6c05e47886","published","Green Doors","Affordable & Supportive Housing","1503 S. I-35 Frontage Rd, Austin, TX, 78741","1503 S. I-35 Frontage Rd","Austin","TX","78741","ready",""
"71","a13989cb-a3d6-42da-bf51-264ecc328b84","published","Guadalupe Neighborhood Development Corporation","Affordable rental and homeownership options","813 E. 8th Street, Austin, TX, 78702","813 E. 8th Street","Austin","TX","78702","ready",""
"72","c95962a4-2670-4382-809b-433c69bd0c27","published","Mueller Affordable Homes","Affordable homeownership and rentals in Mueller","4550 Mueller Blvd., Austin, TX, 78723","4550 Mueller Blvd.","Austin","TX","78723","ready",""
"73","454c78f4-22eb-4e3e-afb1-27d2b6b32cac","published","Austin Resource Center for the Homeless (ARCH)","Emergency Shelter & Homeless Services","500 E 7th Street, Austin, TX, 78701","500 E 7th Street","Austin","TX","78701","ready",""
"74","b11604b0-5d1a-4d0e-9c59-58397e6b02d6","published","Casa Marianella","Refugio y Apoyo para Inmigrantes y Solicitantes de Asilo","821 Gunter Street, Austin, TX, 78702","821 Gunter Street","Austin","TX","78702","ready",""
"75","9e6e2426-ca9f-49cf-974d-36834eccde34","published","City of Austin","Cold Weather Shelter","505 Barton Springs Rd., Austin, TX, 78704","505 Barton Springs Rd.","Austin","TX","78704","ready",""
"76","148cb73a-4dc6-4b43-8515-1a59f006e203","published","Downtown Austin Community Court (DACC)","Community Court & Homeless Services","505 Barton Springs Road, First Floor, Austin, TX, 78704","505 Barton Springs Road","Austin","TX","78704","ready",""
"77","7ad531f3-582b-45d5-b9c7-c4edf164e26b","published","The SAFE Alliance (SAFE)","Domestic Violence & Sexual Assault","4800 Manor Rd., Building A, Austin, TX, 78723","4800 Manor Rd.","Austin","TX","78723","ready",""
"78","5fcf4ba4-34cd-4e80-90e4-db0069526974","published","The Salvation Army","Emergency Shelter for Women & Children","4613 Tannehill Lane, Building 3, Austin, TX, 78721","4613 Tannehill Lane","Austin","TX","78721","ready",""
"79","78d81c43-ba39-444d-b04c-3075252a64f9","published","The Salvation Army - Rathgeber Center for Families","Emergency Family Shelter & Housing Support","4613 Tannehill Ln, Bldg 1, Austin, TX, 78721","4613 Tannehill Ln","Austin","TX","78721","ready",""
"80","d8a0d9f5-ca03-4a94-bf7a-a0d4f5d37669","published","Angel House/ Austin Baptist Chapel","Hot meals and showers","908 E Cesar Chavez St, Austin, TX, 78702","908 E Cesar Chavez St","Austin","TX","78702","ready",""
"81","9fb125d7-eee4-41ed-bb48-adfcf413ff6b","published","Caritas of Austin","Food and basic-needs assistance","611 Neches St., Austin, TX, 78701","611 Neches St.","Austin","TX","78701","ready",""
"82","f75751d5-0532-460c-9db1-e97ceba68cab","published","Austin City Lutherans & Faith Presbyterian Church","Despensa de Alimentos Pan para Todos","1314 E Oltorf St, Austin, TX, 78704","1314 E Oltorf St","Austin","TX","78704","ready",""
"83","b6ddcd4a-db8d-4c8e-aa55-c3e4d34d9f4b","published","Greater Mt. Zion Church","Food Pantry","4301 Tannehill Lane, Austin, TX, 78721","4301 Tannehill Lane","Austin","TX","78721","ready",""
"84","cb535f66-7a0d-4881-a5af-87e976717ae0","published","Society of St. Vincent de Paul Diocesan Council of Austin","St. Vincent de Paul Food Pantry","901 W. Braker Lane, Austin, TX, 78758","901 W. Braker Lane","Austin","TX","78758","ready",""
"85","fd841f57-2c4a-4141-acc0-71b0c09c2f60","published","University Baptist Church (UBC)","Comida Comunitaria Gratuita","2409 Guadalupe St., Austin, TX, 78705","2409 Guadalupe St.","Austin","TX","78705","ready",""
"86","bf5c41af-a94a-4b0f-be55-3a8c0bded946","published","Ashwell Sexual Health and Wellness Clinic","Sexual health and wellness care","3100 Red River Suite 3, Austin, TX, 78705","3100 Red River Suite 3","Austin","TX","78705","ready",""
"87","986bbf8f-0c0a-4b57-a0d1-ab8d9fb7fe9f","published","Kind Dental Care","Dental care savings plan","10700 Anderson Mill Rd #300, Austin, TX, 78750","10700 Anderson Mill Rd #300","Austin","TX","78750","ready",""
"88","c61cce1e-249c-476b-b865-15db97834851","published","Society of St. Vincent de Paul","SVdP Pharmacy Program","901 W. Braker Lane, Austin, TX, 78758","901 W. Braker Lane","Austin","TX","78758","ready",""
"89","5f2c362a-438a-4f1a-9a7e-f5d76a092c3b","published","The Goodwill Career and Technical Academy","Technical education and career training","1015 Norwood Park Boulevard, Austin, TX, 78753","1015 Norwood Park Boulevard","Austin","TX","78753","ready",""
"90","e0d9758c-a1a5-40d4-8cef-a4fe70121dec","published","Trinity Center","Day center for people experiencing homelessness","304 E. 7th St, Austin, TX, 78701","304 E. 7th St","Austin","TX","78701","ready",""
"91","8d7f538b-020c-4470-9a49-4850aca6497a","published","Austin Bilingual Therapy","Bilingual individual and family therapy","8700 Menchaca Rd, Suite 205, Austin, TX, 78748","8700 Menchaca Rd","Austin","TX","78748","ready",""
"92","48138c8c-4ea6-473a-b0c0-ea9df8476bef","published","OutYouth","Mental health support for LGBTQIA+ youth and families","3007 N Lamar Blvd, Austin, TX, 78705","3007 N Lamar Blvd","Austin","TX","78705","ready",""
"93","246c88c0-398e-42e8-9194-b491c26bcaf3","published","Lirios Pediatrics","Free health care for uninsured children","4201 S Congress Ave, Suite 202, Austin, TX, 78745","4201 S Congress Ave","Austin","TX","78745","ready",""
"94","cbf5824e-7e4a-4970-b6df-a52600064887","published","Volunteer Healthcare Clinic","Health care for uninsured residents","4215 Medical Pkwy, Austin, TX, 78756","4215 Medical Pkwy","Austin","TX","78756","ready",""
"95","9b5c158e-7afa-4803-b3d2-5a381824ccd9","published","City of Austin – Austin Public Health","City of Austin – Office of Vital Records","7201 Levander Loop Bldg. C, Austin, TX, 78702","7201 Levander Loop Bldg. C","Austin","TX","78702","ready",""
"96","0edcce44-82b9-48aa-af70-cdbb3481fb9c","draft","Travis Central Appraisal District (TCAD)","Property appraisal and tax exemptions","850 East Anderson Lane, Austin, TX, 78752","850 East Anderson Lane","Austin","TX","78752","ready",""
"97","bb315bb3-7fb2-4348-b299-449331255bd4","draft","Travis County Clerk's Office","Recording Division","5501 Airport Blvd, Ste. 100B, Austin, TX, 78751","5501 Airport Blvd","Austin","TX","78751","ready",""
"98","b70cbbba-4659-4657-b50e-7d2db25a1388","draft","Travis County Clerk's Office","Probate Division","200 W 8th St, #140, Austin, TX, 78701","200 W 8th St","Austin","TX","78701","ready",""
"99","2820cec6-9291-4585-9a6a-a7ce0dd533c4","draft","Travis County Clerk's Office","Misdemeanor Division","1000 Guadalupe St, Suite 222, Austin, TX, 78701","1000 Guadalupe St","Austin","TX","78701","ready",""
"100","a8dc3b93-1f99-408c-a283-b421244d111d","draft","Travis County Clerk's Office","Civil Division","1700 Guadalupe St, Ste. 4.300, Austin, TX, 78701","1700 Guadalupe St","Austin","TX","78701","ready",""
"101","f0af5bdc-4f5e-4ac1-95cf-dc4cca39a5fa","draft","Travis County Tax Office","Property taxes and vehicle services","2433 Ridgepoint Dr, Austin, TX, 78754","2433 Ridgepoint Dr","Austin","TX","78754","ready",""
"102","28e68e9c-a1a8-4d0b-bc7b-07016870b424","draft","Travis County Law Library","Law library and self-representation assistance","1700 Guadalupe St, 2nd Floor, Austin, TX, 78701","1700 Guadalupe St","Austin","TX","78701","ready",""
"103","192ff2bb-47d5-4e66-8ce0-707963cedb01","draft","Travis County District Clerk","Jury and passport services","5325 Airport Blvd, 1st Floor (Pasaportes) / Suite 1100 (Jurado), Austin, TX, 78751","5325 Airport Blvd","Austin","TX","78751","ready",""
"104","4115c792-beac-4c6d-8a48-741741cc1a67","draft","Travis County District Clerk","Divorce filing and processing","1700 Guadalupe Street, 3rd Floor, Room 3.200 (Civil & Family Courts Facility), Austin, TX, 78701","1700 Guadalupe Street","Austin","TX","78701","ready",""
"105","ea4846e2-c3b8-4097-a341-87ac4db9c11b","draft","Travis County Domestic Relations (Child Support)","Child and spousal support enforcement","1700 Guadalupe St, 5th Floor, Austin, TX, 78701","1700 Guadalupe St","Austin","TX","78701","ready",""
"106","721880c3-a6fa-42a3-ac6a-1dac836305b8","published","State of Texas – Texas Department of Public Safety","Texas Department of Public Safety (TxDPS)","5805 N. Lamar Blvd., Austin, TX, 78752","5805 N. Lamar Blvd.","Austin","TX","78752","ready",""
"107","d8dbc7e1-d086-4b8c-aa34-a5ffc957b8da","published","Williamson County Government","Williamson County Clerk","405 Martin Luther King St, Georgetown, TX, 78626","405 Martin Luther King St","Georgetown","TX","78626","ready",""
"108","f8db57ca-4412-46e9-a1da-aead364cbd33","draft","Bastrop County Clerk","Vital records, deeds, and court filings","803 Pine Street, Bastrop, TX, 78602","803 Pine Street","Bastrop","TX","78602","ready",""
"109","39ff5930-8bde-4c04-9fc2-1c9ac5b29615","published","U.S. Social Security Administration (SSA)","Social Security Administration (SSA) – Austin Field Office","1029 Camino La Costa, Austin, TX, 78752","1029 Camino La Costa","Austin","TX","78752","ready",""
"110","2f2fc895-6e71-4be5-9e6f-90aecf8673fd","published","United States Bankruptcy Court – Western District of Texas","U.S. Bankruptcy Court – Western District of Texas, Austin Division","903 San Jacinto Blvd, #322, Austin, TX, 78701","903 San Jacinto Blvd, #322","Austin","TX","78701","ready",""
"111","717c0149-204c-4a6e-8300-b1a1213eabe0","published","Travis County","Veterans benefits counseling and claims assistance","5325 Airport Boulevard, Austin, TX, 78751","5325 Airport Boulevard","Austin","TX","78751","ready",""
"112","8e73d3df-4162-4125-b65e-ef03c3293585","published","U.S. Department of Veterans Affairs (VA Central Texas)","VA Central Texas Homeless Veteran Care","7901 Metropolis Dr., Austin, TX, 78744","7901 Metropolis Dr.","Austin","TX","78744","ready",""
"113","800cef72-58f3-4bd0-bb1a-294961db7486","published","Williamson County","Veterans benefits counseling and claims assistance","100 Wilco Way, Suite V101, Georgetown, TX, 78626","100 Wilco Way, Suite V101","Georgetown","TX","78626","ready",""
"114","0da18055-141a-481b-bad5-6ead41d7a125","published","U.S. Department of Veterans Affairs (VA) – VA Central Texas Healthcare System","VA Central Texas – Veterans Health Care","7901 Metropolis Drive, Austin, TX, 78744","7901 Metropolis Drive","Austin","TX","78744","ready",""
"115","1f9d9076-ebd8-444e-9c6e-5a3964b6e7e1","published","Hays County","Veterans benefits counseling and claims assistance","111 E. San Antonio St., Ste. 100, San Marcos, TX, 78666","111 E. San Antonio St., Ste. 100","San Marcos","TX","78666","ready",""
"116","b4ec4cc4-7148-4215-9e96-bf243cb77dd1","published","Catholic Charities of Central Texas","St. Michael's Veteran Services","2901 Saint Francis St., Killeen, TX, 76543","2901 Saint Francis St.","Killeen","TX","76543","ready",""
"117","5e7c1ec1-b2e5-4807-9b3c-248719aefd2b","published","Bastrop County","Veterans benefits counseling and claims assistance","104 Loop 150, Bastrop, TX, 78602","104 Loop 150","Bastrop","TX","78602","ready",""
"118","5161245e-540b-4198-bbfb-51c2763f0ed3","published","Heroes Night Out","Resource center for veterans and their families","1150 S. Bell Blvd., Bldg 5, Cedar Park, TX, 78613","1150 S. Bell Blvd., Bldg 5","Cedar Park","TX","78613","ready",""
"119","c74b8afc-53cb-47fb-a880-a21ccf91a0c8","draft","Texas Veterans Commission","Representatives for VA benefit claims and appeals","No hay oficina única — consejeros integrados en instalaciones de VA en distintas áreas, incluida Austin, TX","No hay oficina única — consejeros integrados en instalaciones de VA en distintas áreas, incluida Austin","","TX","","unresolved","variable_or_non_specific_location"
"120","4380d5fd-6cfa-41d7-8380-3b8f185ba163","draft","Caldwell County","Veterans benefits counseling and applications","1403 Blackjack St., Lockhart, TX, 78644","1403 Blackjack St.","Lockhart","TX","78644","ready",""
"121","8909eca7-2057-4a5d-88af-35f40f0cb002","draft","University of Texas Rio Grande Valley (UTRGV) / U.S. Small Business Administration","Veterans Business Outreach Center (VBOC) – UTRGV","1407 E. Freddy Gonzalez Dr., CESS Bldg., Suite 1.200, Edinburg, TX, 78539","1407 E. Freddy Gonzalez Dr.","Edinburg","TX","78539","ready",""
"122","73e14c4e-af91-43fe-83bb-094977880a82","draft","AGE of Central Texas","Navigation and support for family caregivers","7640 Guadalupe St, Austin, TX, 78752","7640 Guadalupe St","Austin","TX","78752","ready",""
"123","506da0f9-5a4a-4d22-95de-5765ecc825dd","draft","Alzheimer's Texas","Support and respite for dementia caregivers","7000 N. MoPac Expy #200, Austin, TX, 78731","7000 N. MoPac Expy #200","Austin","TX","78731","ready",""
"124","53b6fddc-6986-423a-a3a5-8270cb669a16","draft","Family Eldercare","In-home care for older adults and people with disabilities","1700 Rutherford Lane, Austin, TX, 78754","1700 Rutherford Lane","Austin","TX","78754","ready",""
"125","04566642-11ce-41c5-b1c2-b3cec69dbbdd","draft","Central Texas Food Bank","Senior food programs (CSFP and HOPE)","6500 Metropolis Drive, Austin, TX, 78744","6500 Metropolis Drive","Austin","TX","78744","ready",""
"126","8feadfac-90c3-4cb6-b439-aa1d897aa6a4","published","Area Agency on Aging of the Capital Area (CAPCOG) / Texas HHSC","Area Agency on Aging of the Capital Area (AAACAP)","6800 Burleson Road, Bldg 301/310, Suite 165, Austin, TX, 78744","6800 Burleson Road","Austin","TX","78744","ready",""
"127","9a748be6-55f1-40ab-a40f-4e6e3046fe33","draft","Capital Metropolitan Transportation Authority (CapMetro)","CapMetro Access","2910 E. 5th St., Austin, TX, 78702","2910 E. 5th St.","Austin","TX","78702","ready",""
"128","acbc17f1-ec65-47fc-93f7-00e68e3c0c0a","draft","CARTS","Rural public and non-emergency medical transportation","Sede en Cedar Creek, TX","Sede en Cedar Creek","","TX","","unresolved","variable_or_non_specific_location"
"129","302de942-8d80-4199-bc05-f3a7197abebe","draft","Travis Central Appraisal District","Over-65 homestead tax exemption","850 East Anderson Lane, Austin, TX, 78752","850 East Anderson Lane","Austin","TX","78752","ready",""
"130","ad05bbf6-8ec8-41b1-9c3f-df476c3acc9d","draft","Travis County Health and Human Services","Travis County Utility Assistance (CEAP)","6 Centros Comunitarios (ver sitio), TX","6 Centros Comunitarios (ver sitio)","","TX","","unresolved","variable_or_non_specific_location"
"131","ff8d025b-295a-4b1f-9a09-26ca5ea8f787","draft","Community Action, Inc. of Central Texas","Utility payment assistance","215 S. Reimer Avenue, Suite 130, San Marcos, TX, 78666","215 S. Reimer Avenue","San Marcos","TX","78666","ready",""
"132","e1f144b6-eded-49b7-bc96-d3b48d8ca033","draft","Community Action Inc. of Central Texas","San Marcos Senior Citizens Center","810 Arizona Street, San Marcos, TX, 78666","810 Arizona Street","San Marcos","TX","78666","ready",""
"133","f266da43-7ff9-4e6b-9fb8-5c65b10eac0b","draft","Ciudad de Lockhart","Lockhart Area Senior Citizen Activity Center","901 Bois D'Arc Street, Lockhart, TX, 78644","901 Bois D'Arc Street","Lockhart","TX","78644","ready",""
"134","ae13c611-e987-4851-a76a-244b9a096fba","draft","Bastrop Community Senior Center","Activities, exercise, and meals for older adults","1209 Linden St, Unit A, Bastrop, TX, 78602","1209 Linden St","Bastrop","TX","78602","ready",""
"135","560915b3-0a0d-4b8b-aae8-7822575c9f38","draft","Travis County Health and Human Services","engAGE Travis County","5325 Airport Blvd, 2do piso, Austin, TX, 78753","5325 Airport Blvd, 2do piso","Austin","TX","78753","ready",""
"136","7136ccfe-2ede-4de6-ad9a-fffbcb49040d","published","AGE of Central Texas","Comprehensive support for older adults and caregivers","7640 Guadalupe St, Austin, TX, 78752","7640 Guadalupe St","Austin","TX","78752","ready",""
"137","24a2c0f9-7f26-40d2-b836-df8f9fcb99dd","published","Drive a Senior Central Texas (antes ""Senior Access"")","Drive a Senior – Transportation & Support for Older Adults","2601 Exposition Boulevard, Austin, TX, 78703","2601 Exposition Boulevard","Austin","TX","78703","ready",""
"138","b0219ae4-33d0-4864-b248-b6d26826b3ae","published","Cerebral Palsy Awareness Transition Hope (CPATH Texas)","CPATH Adaptive & Mobility Equipment Closet","5555 N. Lamar, Building J Suite 125, Building J Suite 125, Austin, TX, 78751","5555 N. Lamar, Building J Suite 125","Austin","TX","78751","ready",""
"139","f17774b3-626f-4eab-9077-95d46cea0711","draft","City of Austin Vital Statistics","Certified birth and death certificates","7201 Levander Loop, Building C, Building C, Austin, TX, 78702","7201 Levander Loop, Building C","Austin","TX","78702","ready",""
"140","ff866166-7d9e-4d6e-ac4d-7386004157d5","published","Manos de Cristo, Inc.","Manos de Cristo – Dental Care, Basic Needs & Education","4911 Harmon Avenue, Austin, TX, 78751","4911 Harmon Avenue","Austin","TX","78751","ready",""
"141","ab202566-f7ac-44cc-a7a7-9537b078b51b","draft","Bastrop County Emergency Food Pantry","Emergency food assistance","1201 Pine Street, Bastrop, TX, 78602","1201 Pine Street","Bastrop","TX","78602","ready",""
"142","fa8108e4-57c3-4c89-b74f-7192cd4d9783","draft","Open Door Soup Kitchen","Free community breakfast and lunch","987 N State Highway 95, Bastrop, TX, 78602","987 N State Highway 95","Bastrop","TX","78602","ready",""
"143","e094e039-07de-436e-8942-3abbe5becd34","draft","Primera Baptist Church","Food pantry and clothing closet — Bastrop","306 Paul C Bell St, Bastrop, TX, 78602","306 Paul C Bell St","Bastrop","TX","78602","ready",""
"144","f307f0ea-7f7a-4737-a487-e9c3c5cd2f41","draft","Community Cupboard","Elgin community food pantry","303 Ave C, Elgin, TX, 78621","303 Ave C","Elgin","TX","78621","ready",""
"145","c4e54dbb-6cae-42b4-8ce4-c5138271bfed","draft","Sacred Heart Catholic Church","Food, rent, and utility assistance — Elgin","302 West 11th Street, Elgin, TX, 78621","302 West 11th Street","Elgin","TX","78621","ready",""
"146","3c5faf40-fa41-450b-894c-299c71202980","draft","First Baptist Church Elgin","Elgin food pantry","205 W. 2nd Street, Elgin, TX, 78621","205 W. 2nd Street","Elgin","TX","78621","ready",""
"147","03df7d5f-d3a9-4b7a-b646-a823f882ca6c","draft","Smithville Food Pantry","Food pantry","301 Lee St. Smithville, TX 78957, Smithville, TX, 78957","301 Lee St. Smithville, TX 78957","Smithville","TX","78957","ready",""
"148","faf2ea96-cef5-4920-9cfa-e9a9917d6588","draft","Friendship Bible Baptist Church / Community of Hope Inc.","Community of Hope Food Pantry (Friendship Bible Baptist Church) — Cedar Creek","111 Pearce Lane, Cedar Creek, TX, 78612","111 Pearce Lane","Cedar Creek","TX","78612","ready",""
"149","ec30a4a3-60cf-4a17-bdbe-b2098131d48a","draft","Cedar Creek United Methodist Church","Cedar Creek food pantry","5630 FM 535, Cedar Creek, TX, 78612","5630 FM 535","Cedar Creek","TX","78612","ready",""
"150","5089e913-cd51-483c-b322-666165033d0f","draft","Central Texas Food Bank","Cedar Creek mobile pantry","125 Voss Pkwy, Cedar Creek, TX, 78612","125 Voss Pkwy","Cedar Creek","TX","78612","ready",""
"151","1d5c0fd4-3e2a-4d75-a2a2-d2fcd2fffb61","draft","Central Texas Food Bank","Elgin mobile pantry","1501 US-290, Elgin, TX, 78621","1501 US-290","Elgin","TX","78621","ready",""
"152","c980a647-c289-49af-908b-1e2ff4cc59eb","draft","Central Texas Food Bank (programa Golden Harvest)","Golden Harvest Senior Meals (Meals on Wheels)","Bastrop Community Senior Center, 1209 Linden St, Bastrop, TX, 78602","Bastrop Community Senior Center, 1209 Linden St","Bastrop","TX","78602","ready",""
"153","d1fb9aff-e20f-4e22-88b1-1ac68d60670d","draft","Austin Public Health (administra WIC para el área de Bastrop)","WIC Bastrop Clinic","443 Texas Highway 71, Bastrop, TX, 78602","443 Texas Highway 71","Bastrop","TX","78602","ready",""
"154","a9218b46-6595-453b-b319-a2cb3624d4af","draft","Bastrop Housing Authority","Public housing and Section 8 vouchers","502 Farm Street, Bastrop, TX, 78602","502 Farm Street","Bastrop","TX","78602","ready",""
"155","c5402ac3-c220-4995-937d-3b1673a613a9","draft","Elgin Housing Authority","Public housing and Section 8 vouchers","515 Old McDade Road, Elgin, TX, 78621","515 Old McDade Road","Elgin","TX","78621","ready",""
"156","f76f85ba-51fe-426f-b57a-dffe1defe6bb","draft","Advocacy Outreach","Emergency housing, eviction prevention, and day shelter","200-A Depot Street, Elgin, TX, 78621","200-A Depot Street","Elgin","TX","78621","ready",""
"157","d9b16bbc-d6e2-48e6-a5ab-9e9d5ab3f5a0","draft","Combined Community Action, Inc.","Home weatherization and energy assistance","165 W Austin Street, Giddings, TX, 78942","165 W Austin Street","Giddings","TX","78942","ready",""
"158","64eaf9fd-99fb-4dfe-8ebc-639d80ebbfd4","draft","Bastrop County Long Term Recovery Team (BCLTRT)","Bastrop County Long Term Recovery Team","15 American Legion Drive, Bastrop, TX, 78602","15 American Legion Drive","Bastrop","TX","78602","ready",""
"159","c3d4d644-e959-47e2-a470-e63cd383e280","draft","Community Health Centers of South Central Texas (CHCSCT)","Bastrop Community Health Center","275 Jackson Street, Bastrop, TX, 78602","275 Jackson Street","Bastrop","TX","78602","ready",""
"160","6bf9b42e-a820-46ab-9868-e6b4aaeba1e5","draft","Community Health Centers of South Central Texas (CHCSCT)","Family Health Center at Elgin","711 W 10th St., Elgin, TX, 78621","711 W 10th St.","Elgin","TX","78621","ready",""
"161","6253cf05-e248-48ee-a471-1bb5a6861985","draft","Lone Star Circle of Care (LSCC)","Lone Star Circle of Care at Bastrop","605 Old Austin Hwy, Bastrop, TX, 78602","605 Old Austin Hwy","Bastrop","TX","78602","ready",""
"162","3523d021-4843-43b1-9af2-70b583c9183c","draft","CommUnityCare Health Centers","CommUnityCare OB/GYN Clinic: Bastrop","301 Hwy 71 W, Suite 111, Bastrop, TX, 78602","301 Hwy 71 W","Bastrop","TX","78602","ready",""
"163","9409990b-0eb4-4a63-9cba-995ca29708de","draft","Bastrop County Government","Bastrop County Public Health Department","104 Loop 150, Grady Tuck Building, Bastrop, TX, 78602","104 Loop 150","Bastrop","TX","78602","ready",""
"164","a43b6184-e8d0-4794-bebe-82bd37dd0fa2","draft","Bluebonnet Trails Community Services","Behavioral health, disability, and crisis support — Bastrop","275 Jackson St., Bastrop, TX, 78602","275 Jackson St.","Bastrop","TX","78602","ready",""
"165","e9611291-d315-49fc-843b-0103baba142d","draft","Smithville Community Clinic (organización sin fines de lucro independiente)","Smithville Community Clinic","808 SE Martin Luther King Drive, Smithville, TX, 78957","808 SE Martin Luther King Drive","Smithville","TX","78957","ready",""
"166","2c2224ee-ec1e-47d2-9311-adcb6192a511","published","Bastrop County Indigent Health Care","Health Care Assistance for Low-Income Residents","104 Loop 150 W, Bastrop, TX, 78602","104 Loop 150 W","Bastrop","TX","78602","ready",""
"167","e94bbd4a-e8ca-406f-a834-6b08f913bd15","draft","Capital Area Rural Transportation System (CARTS)","CARTS Country Bus — Bastrop County","Estación Bastrop: 310 Hospital Dr, Bastrop, TX, 78602","Estación Bastrop: 310 Hospital Dr","Bastrop","TX","78602","ready",""
"168","3a9d1256-af01-4769-bb61-8cf9b7d3e945","draft","Community Action, Inc. of Central Texas","Community Action Inc. Adult Education (Bastrop)","1602 Hill Street, Bastrop, TX, 78602","1602 Hill Street","Bastrop","TX","78602","ready",""
"169","03c59176-049c-4c8b-b88e-2183737b12bb","draft","Cen-Tex Family Services, Inc.","Hearts of Texas Head Start","2402 Main St, Bastrop, TX, 78602","2402 Main St","Bastrop","TX","78602","ready",""
"170","9843a2f6-f872-4047-99ed-1abfafa60f61","draft","Bastrop Independent School District (BISD)","BISD Family Resource & Health Center (Evening GED/ESL)","1602 Hill Street, Bastrop, TX, 78602","1602 Hill Street","Bastrop","TX","78602","ready",""
"171","fd2760f6-81c5-4dd7-8729-ebd0de85a85b","draft","Bastrop Independent School District (BISD)","BISD McKinney-Vento Homeless Liaison Services","1602 Hill Street, Bastrop, TX, 78602","1602 Hill Street","Bastrop","TX","78602","ready",""
"172","4e3b8aac-bd20-4b21-a6b2-38f5752b273b","draft","City of Bastrop","Bastrop Public Library","1100 Church Street, Bastrop, TX, 78602","1100 Church Street","Bastrop","TX","78602","ready",""
"173","74cee507-34e1-4d84-b6ef-35ad50f35bb3","draft","City of Smithville","Smithville Public Library","507 Main St, Smithville, TX, 78957","507 Main St","Smithville","TX","78957","ready",""
"174","818ec584-39cb-4f83-b5f2-5a5f4a0bf502","draft","City of Elgin","Elgin Public Library","404 N. Main Street, Elgin, TX, 78621","404 N. Main Street","Elgin","TX","78621","ready",""
"175","b46e9732-0eb7-48e0-89d7-ee8979869c2b","draft","Austin Community College District (ACC)","Austin Community College — Elgin Campus","1501 W. US Highway 290, Elgin, TX, 78621","1501 W. US Highway 290","Elgin","TX","78621","ready",""
"176","96f1bed9-7531-411e-99b6-f15a7e030f85","draft","Bastrop County Emergency Food Pantry","Emergency rent and utility assistance","1201 Pine St, Bastrop, TX, 78602","1201 Pine St","Bastrop","TX","78602","ready",""
"177","8476d6ef-9633-47b5-83d4-c89dc775b030","draft","Texas Health and Human Services Commission (HHSC)","Texas HHSC Benefits Office — Bastrop","3809 Loop 150 E, Bastrop, TX, 78602","3809 Loop 150 E","Bastrop","TX","78602","ready",""
"178","5bc08239-2d68-424b-9b6c-0b28f1b16c54","draft","Texas Health and Human Services Commission (HHSC)","Texas HHSC Benefits Office — Elgin","218 S Main St, Elgin, TX, 78621","218 S Main St","Elgin","TX","78621","ready",""
"179","ffc5a197-bdbc-49f6-a8b0-e2fc6d20e3f2","draft","Workforce Solutions Rural Capital Area","Employment and job training — Bastrop office","53 Loop 150 West, Bastrop, TX, 78602","53 Loop 150 West","Bastrop","TX","78602","ready",""
"180","7e3edaac-9562-4dc5-b884-d09b5b907cd7","draft","Texas RioGrande Legal Aid, Inc.","Texas RioGrande Legal Aid (TRLA)","4920 North I-35, Austin, TX, 78751","4920 North I-35","Austin","TX","78751","ready",""
"181","dc30539b-1f5e-4176-ae79-2d9aa4d53b74","draft","Bastrop County Government","Bastrop County Justice of the Peace Pct. 1 Self-Help","804 Pecan Street, Bastrop, TX, 78602","804 Pecan Street","Bastrop","TX","78602","ready",""
"182","d3706107-6b76-406a-8ebf-20fb3c8f2332","draft","Bastrop County Government","Bastrop County Veteran Services Office","104 Loop 150, Bastrop, TX, 78602","104 Loop 150","Bastrop","TX","78602","ready",""
"183","4557e75b-5cef-4723-99d9-6b262d4c5e3c","draft","Ciudad de Elgin, Parques y Recreación","Elgin Senior Activities","361 N. Hwy 95, Elgin, TX","361 N. Hwy 95","Elgin","TX","","ready",""
"184","ce3088ec-323f-4d85-90d5-d5736318d5c7","draft","Ladies of Charity of Bastrop / Ascension Catholic Church","Utility bill assistance","804 Pine Street, Bastrop, TX, 78602","804 Pine Street","Bastrop","TX","78602","ready",""
"185","407e8035-bc4d-4b93-a206-d5f028acd038","draft","Born Again Emporium","Thrift Store & Community Support","1642 NE Loop 230, Smithville, TX, 78957","1642 NE Loop 230","Smithville","TX","78957","ready",""
"186","2a3cb8bc-969e-4e58-aef3-e09ae04792f0","draft","Bastrop County Cares","Health & Community Support Navigation","806 Water St., Bastrop, TX, 78602","806 Water St.","Bastrop","TX","78602","ready",""
"187","1ca04324-ee01-49f7-88a0-f7a473eedba6","draft","Circle of Hope Community Center","Food Pantry & Family Support","2900 West Pecan Street, Pflugerville, TX, 78660","2900 West Pecan Street","Pflugerville","TX","78660","ready",""
"188","79c126f2-d23e-41f0-8191-fe66e7cb3919","published","Travis County Health and Human Services","Travis County Community Center — Pflugerville","15822 Foothill Farms Loop, Pflugerville, TX, 78660","15822 Foothill Farms Loop","Pflugerville","TX","78660","ready",""
"189","744a034c-13a9-4e65-bb4c-aaaab73576d2","published","CommUnityCare Health Centers","Medical, Dental & Mental Health Care for Families","2700 W. Pecan St., Suite #450, Pflugerville, TX, 78660","2700 W. Pecan St.","Pflugerville","TX","78660","ready",""
"190","ad27eff6-8e16-4be4-be97-0e88058b8bd2","published","Pflugerville Independent School District (PfISD) – Social Work","Family Connection to Community Resources","1401 W. Pecan St., Pflugerville, TX, 78660","1401 W. Pecan St.","Pflugerville","TX","78660","ready",""
"191","248e6c14-214d-430b-bb84-6201ef75c1a2","published","Pflugerville Public Library","Job Search Assistance","1008 W. Pfluger St., Pflugerville, TX, 78660","1008 W. Pfluger St.","Pflugerville","TX","78660","ready",""
"192","4075ac63-2b76-4020-8dfe-ea07a761d25d","published","Pflugerville Parks & Recreation —  City of Pflugerville","Senior Programs","400 Immanuel Road, Pflugerville, TX, 78660","400 Immanuel Road","Pflugerville","TX","78660","ready",""
"193","73b799fb-891b-4ed6-9218-3e4509ab8b1f","published","Travis County Health and Human Services","Travis County Community Center — Manor","600 W Carrie Manor St, Manor, TX, 78653","600 W Carrie Manor St","Manor","TX","78653","ready",""
"194","12a4ba93-0bd7-4476-9e57-f59b35c75af9","published","Travis County Health and Human Services","Travis County Community Center — Del Valle","3518 FM 973, Del Valle, TX, 78617","3518 FM 973","Del Valle","TX","78617","ready",""
"195","48337b98-9b16-46f6-8513-37dafae976af","published","CommUnityCare Health Centers","Comprehensive Health Care for Families in Del Valle","7050 Elroy Rd., Del Valle, TX, 78617","7050 Elroy Rd.","Del Valle","TX","78617","ready",""
"196","bd430b02-3cb1-4861-9966-59e1b20535ce","published","People's Community Clinic / Integral Care","Medical & Mental Health Care for Manor ISD Students","10323 US Hwy 290 E, Bldg 35 (detrás de Manor New Tech), Manor, TX, 78653","10323 US Hwy 290 E","Manor","TX","78653","ready",""
"197","0c68b06e-cf10-40f1-bde2-00fc2e9d7a9a","published","East Travis Gateway Library District (ETGLD)","Garfield Library – Internet, Technology & Educational Resources","5121 Albert Brown Dr, Del Valle, TX, 78617","5121 Albert Brown Dr","Del Valle","TX","78617","ready",""
"198","eed8e03b-41f3-4f79-97af-9221116028b2","published","Lake Travis Crisis Ministries","Food Pantry & Emergency Financial Assistance","1304 Ranch Road 620 North, Suite 100, Lakeway, TX, 78734","1304 Ranch Road 620 North","Lakeway","TX","78734","ready",""
"199","79e6b782-1b4d-462f-b7cb-edbcc1970d4e","published","Travis County Health and Human Services","Travis County Community Center — Jonestown (North West Rural)","18649 FM 1431, Suite 6A, Jonestown, TX, 78645","18649 FM 1431","Jonestown","TX","78645","ready",""
"200","4838708e-aef3-4267-88dc-0d6b857377cd","published","Hill Country Community Ministries (HCCM)","Food pantry and Resource Center","1005 Lacy Drive, Leander, TX, 78641","1005 Lacy Drive","Leander","TX","78641","ready",""
"201","8e441103-0f9f-4e9f-98c7-48abc40c829e","published","City of Lakeway – Lakeway Activity Center","Community Spanish Classes","105 Cross Creek, Lakeway, TX, 78734","105 Cross Creek","Lakeway","TX","78734","ready",""
"202","85db4da9-40aa-4d3f-8d8e-47ee12f6b470","published","Lake Travis Community Library","Senior Services","1938 Lohmans Crossing Rd, Lakeway, TX, 78734","1938 Lohmans Crossing Rd","Lakeway","TX","78734","ready",""
"203","971d1abd-c963-42f0-836f-75b7b05426d5","published","Manchaca United Methodist Church","Food Pantry","1011 FM 1626, Manchaca, TX, 78652","1011 FM 1626","Manchaca","TX","78652","ready",""
"204","28518a19-636e-4203-ad56-71df016c78ae","published","City of Creedmoor / Central Texas Food Bank","Mobile Market & Food Distribution","12511 FM 1625, Creedmoor, TX, 78610","12511 FM 1625","Creedmoor","TX","78610","ready",""
"205","781f32b5-d6f0-49d3-b98f-1fad59122c64","published","Creedmoor Elementary – Feeding Futures School Pantry","Creedmoor Elementary Mobile Food Pantry","5604 FM 1327, Creedmoor, TX, 78610","5604 FM 1327","Creedmoor","TX","78610","ready",""
"206","a600ca1d-45fc-408e-bdc8-b10e2efa2886","published","Elgin Community Cupboard","Food Pantry","303 Ave C, Elgin, TX, 78621","303 Ave C","Elgin","TX","78621","ready",""
"207","50591043-0e94-47bb-8e30-7a9dd272465a","published","Elgin Independent School District (Elgin ISD)","Families in Transition","902 West 2nd Street, Portable P3/34/505, Elgin Intermediate School, Elgin, TX, 78621","902 West 2nd Street","Elgin","TX","78621","ready",""
"208","ae2c7616-75fd-4dfc-ae89-889775d93abb","published","Westbank Community Library District","Free Library Programs and Community Resources","1309 Westbank Dr, Austin, TX, 78746","1309 Westbank Dr","Austin","TX","78746","ready",""
"209","2d7f18e8-ef1a-47cf-8a96-922e50e222ad","published","Travis County Law Library & Self-Help Center","Legal Forms and Self-Help for Representing Yourself in Court","1700 Guadalupe St., 2do piso, Austin, TX, 78701","1700 Guadalupe St.","Austin","TX","78701","ready",""
"210","5c98eae9-8418-4a9b-bfc2-342ec9ede2b5","published","The SAFE Alliance","Free Support and Services for Survivors of Violence and Abuse","4800 Manor Rd., Building A, Austin, TX, 78723","4800 Manor Rd.","Austin","TX","78723","ready",""
"211","b3cfcb36-4f77-44d5-978c-d66c763d429a","published","Capital Metropolitan Transportation Authority (CapMetro) – Route 990 Manor/Elgin Express","Bus Service from Manor to Austin","101 W Carrie Manor St., Manor, TX, 78653","101 W Carrie Manor St.","Manor","TX","78653","ready",""
"212","edc2a6d0-c693-4b83-9d1e-a1e4c1e4bc6a","published","Capital Metropolitan Transportation Authority (CapMetro) – Route 214","Bus Service from Lago Vista & Jonestown to Lakeline Station","Dawn Dr. & Thunderbird St., Lago Vista, TX, 78645","Dawn Dr. & Thunderbird St.","Lago Vista","TX","78645","ready",""
"213","b6a07b03-37a7-4665-8566-f13df34ef906","published","Housing Authority of Travis County (HATC)","Affordable Housing & Rental Assistance","502 E Highland Mall Blvd, Suite 106-B, Austin, TX, 78752","502 E Highland Mall Blvd, Suite 106-B","Austin","TX","78752","ready",""
"214","8c822dd0-4914-4a7e-8475-8686386d295f","published","Texas Housing Foundation – Pflugerville Meadows","Affordable Rental Apartments in Pflugerville","201 Meadow Lane, Pflugerville, TX, 78660","201 Meadow Lane","Pflugerville","TX","78660","ready",""
"215","60024568-c352-4d9a-88e2-a3eaf3688385","published","Travis County Health and Human Services – Home Weatherization Services","Free Home Energy Efficiency Improvements","5325 Airport Blvd., Austin, TX, 78751","5325 Airport Blvd.","Austin","TX","78751","ready",""
"216","957a2be5-c531-4835-8857-3d5f695abe58","published","First Baptist Church Pflugerville","Free Community Food Pantry","903 Pfluger Street, Pflugerville, TX, 78660","903 Pfluger Street","Pflugerville","TX","78660","ready",""
"217","5af011fa-ae44-4b4c-a6f3-ee621c1067f5","published","First United Methodist Church of Pflugerville","Free Food Pantry & Clothing Assistance","500 E. Pecan St., Pflugerville, TX, 78660","500 E. Pecan St.","Pflugerville","TX","78660","ready",""
"218","ada9dadc-4ec8-4907-a707-d4007f35690f","published","Sacred Heart Catholic Church – St. Vincent de Paul","Food pantry and basic-needs assistance","302 West 11th Street, Elgin, TX, 78621","302 West 11th Street","Elgin","TX","78621","ready",""
"219","539a447e-0cf8-4ca3-bbcf-aaa795dc39c5","published","Haynie Chapel United Methodist Church","Food Pantry for Families in Del Valle","16309 Greenwood Dr, Del Valle, TX, 78617","16309 Greenwood Dr","Del Valle","TX","78617","ready",""
"220","f7b86ed1-1722-4b5c-8db8-668d70f39b7d","published","Rolling Hills Community Church","Free Food Pantry for Families","6201 Lohman Ford Rd, Lago Vista, TX, 78645","6201 Lohman Ford Rd","Lago Vista","TX","78645","ready",""
"221","de405ed2-13a0-4e12-8469-202bb65a6e6b","draft","First Presbyterian Church of Georgetown","Food pantry","703 South Church St. (enter white door), TX","703 South Church St.","","TX","","needs_review","insufficient_address_components"
"222","ad347649-b2e8-49c7-a878-ee5b77361fd6","draft","The Salvation Army","Food pantry","601 W. Louis Henna Blvd. Round Rock, TX 78664, TX, 78664","601 W. Louis Henna Blvd.","Round Rock","TX","78664","ready",""
"223","2aece945-b84e-43b7-bac8-24b02591d4e8","draft","Foundation Communities - Lakeline Station","Food pantry","13635 Rutledge Spur, Austin, TX, TX","13635 Rutledge Spur","Austin","TX","","ready",""
"224","09b70bc8-2b35-4b78-a14a-bb542429f16e","draft","Zion Chapel Missionary Baptist Church","Food pantry","612 MLK Jr. Blvd. Taylor, TX 76574, TX, 76574","612 MLK Jr. Blvd.","Taylor","TX","76574","ready",""
"225","5a55abad-00b5-43cd-945b-10635c0ce4e5","draft","Foundation Communities - Vintage Creek","Food pantry","7224 Northeast Dr. Austin, TX 78723, TX, 78723","7224 Northeast Dr.","Austin","TX","78723","ready",""
"226","e38a3530-8fad-48de-b48a-2bbb28841acc","draft","Foundation Communities - M Station","Food pantry","2918 E Martin Luther King Jr. Blvd Austin, TX 78722, TX, 78722","2918 E Martin Luther King Jr. Blvd","Austin","TX","78722","ready",""
"227","9a2b31f5-34bb-4c7d-bcd3-e35c7630400d","draft","Mision Cristiana","Food pantry","6117 W Hwy 290 Austin, TX 78749, TX, 78749","6117 W Hwy 290","Austin","TX","78749","ready",""
"228","9453be7c-8e5c-4b14-8eb7-f6b0e768f622","draft","First United Methodist Church - Paula's Food Pantry and Clothes Closet","Food pantry","500 Pecan St. East, Pflugerville, TX","500 Pecan St. East, Pflugerville","","TX","","needs_review","insufficient_address_components"
"229","50b24b7d-a6fc-4cd4-8b6b-a640bbcca1cc","draft","Travis Co. Jonestown Community Center","Food pantry","18649 FM 1631 Jonestown, TX 78645, TX, 78645","18649 FM 1631","Jonestown","TX","78645","ready",""
"230","1a27a3fe-76fa-4f3f-b284-1e2c86693ffc","draft","Bastrop Emergency Food Pantry and Support Center Inc.","Food pantry","806 Fayette St. Bastrop, TX 78602, TX, 78602","806 Fayette St.","Bastrop","TX","78602","ready",""
"231","52d5b5c6-2ed5-4398-a480-af31028de87c","draft","Ridgeway Baptist Church","Food pantry","159 Ridgeway Cemetray Rd. Paige, TX 78659, TX, 78659","159 Ridgeway Cemetray Rd.","Paige","TX","78659","ready",""
"232","68822793-b0a7-4c07-a7a9-8bbaa398b0e8","draft","Grace Baptist Church of Red Rock","Food pantry","115 Sorrell, Red Rock, TX 78662, Red Rock, TX, 78662","115 Sorrell, Red Rock, TX 78662","Red Rock","TX","78662","ready",""
"233","52eaa45a-a64d-43f5-980b-ea7cd88044cb","draft","Apostolic Christian Church of Bastrop","Food pantry","1033 Hwy 71 W, Bastrop, TX 78602, Bastrop, TX, 78602","1033 Hwy 71 W, Bastrop, TX 78602","Bastrop","TX","78602","ready",""
"234","104861dd-ebbc-4c0a-9aa9-68ec2b0cb772","draft","Open Door Soup Kitchen: In The Streets - Hands Up High (ITS HUH)","Open Door soup kitchen","987 N SH 95 Bastrop, TX 78602, TX, 78602","987 N SH 95","Bastrop","TX","78602","ready",""
"235","c312730e-a013-41e6-b4f5-2077fa524a70","draft","Schulenberg Area Food Pantry","Food pantry","304 East Ave. Schulenberg, TX, TX","304 East Ave. Schulenberg, TX","","TX","","needs_review","insufficient_address_components"
"236","a2dbb0c5-89a4-4127-a6c4-3e68a03231ea","draft","Gonzales Christian Assistance Ministry","Food and basic-needs assistance","708 St. Louis Street, Gonzales, TX, 78629","708 St. Louis Street","Gonzales","TX","78629","ready",""
"237","694e5f8c-3024-43b7-a0d7-0690f5209dce","draft","Helping Center of Marble Falls","Food pantry","1016 Broadway, Marble Falls, TX 78654, Marble Falls, TX, 78654","1016 Broadway, Marble Falls, TX 78654","Marble Falls","TX","78654","ready",""
"238","97c3289a-20eb-4581-a420-48e93c3c5dc0","draft","Senior Sitters, LLC","Memory care","13740 Research Blvd. Ste M7, Austin, TX, 78750","13740 Research Blvd. Ste M7","Austin","TX","78750","ready",""
"239","fb064d44-73e3-40c1-87d3-12ae0b1238d7","draft","GoodWill Industries of CT : Round Rock Job Center","Employment and job training","150 West Palm Valley Blvd. Round Rock, TX 78664, TX, 78664","150 West Palm Valley Blvd.","Round Rock","TX","78664","ready",""
"240","f3f89cbe-af38-4486-872f-6ece9eab830e","draft","The Kind Clinic","Sexual health and inclusive care","Operates clinics in 4 locations (Austin South, Austin Koenig, San Antonio, dallas), TX","Operates clinics in 4 locations (Austin South, Austin Koenig, San Antonio, dallas)","","TX","","unresolved","variable_or_non_specific_location"
"241","298c7ffb-5919-463f-b700-3e02e2766ed9","draft","Furrbaby food pantry","Pet food and supplies","1603 Northwest Blvd. Georgetown, TX 78628, TX, 78628","1603 Northwest Blvd.","Georgetown","TX","78628","ready",""
"242","463348b0-7ad0-4b4e-abe3-d9ab5afe50c5","draft","Austin Humane Society","Pet food and rehoming support","124 Anderson Ln. Austin, TX 78752, TX, 78752","124 Anderson Ln.","Austin","TX","78752","ready",""
"243","b05780d3-c0f8-453c-b665-6a0676fe2f71","draft","GoodWill Industries: Bastrop Job Help Center","Employment and job training","57 Loop 150 West Bastrop, TX 78602, TX, 78602","57 Loop 150 West","Bastrop","TX","78602","ready",""
"244","04223034-598c-435c-8d68-62d308b7bd07","draft","Camp Haven Sanctuary","Prepared meals","549 Mesquite Dr., TX","549 Mesquite Dr.","","TX","","needs_review","insufficient_address_components"
"245","49e20288-0419-4c47-9c8f-f063aafd4a6b","draft","In the Streets Hands Up High","Meals, pantry, and shelter","987 N SH 95 Bastrop, TX 78602, TX, 78602","987 N SH 95","Bastrop","TX","78602","ready",""
"246","29117cb0-2d56-4dc2-9abd-dbe455dcf335","draft","LaGrange VA Clinic","Primary care and telehealth for Veterans","2 Saint Marks Place, LaGrange, TX, 78945","2 Saint Marks Place","LaGrange","TX","78945","ready",""
"247","9b69d51f-cb43-4c93-ba58-19dafd8f7eea","draft","Community Resource Center","Comprehensive resource navigation","1016 Broadway Marble Falls, TX 78654, TX, 78654","1016 Broadway","Marble Falls","TX","78654","ready",""
"248","1a7bba8e-a7d0-4d7a-be2c-0bc5e7646c79","draft","Christian Women's Job Corp of Highland Lakes (CWJCHL)","Job and life-skills training for women","218 E. Jackson, Burnet, TX 78611, Burnet, TX, 78611","218 E. Jackson, Burnet, TX 78611","Burnet","TX","78611","ready",""
"249","4d1f40fa-609d-4b0a-adc5-f718f1c0671c","draft","Travis County Family Support Services (Palm Square Office)","Emergency financial assistance","100 N IH 35, Ste 2000 Austin, TX 78701, TX, 78701","100 N IH 35, Ste 2000","Austin","TX","78701","ready",""
"250","f98be83d-1a62-46c2-bff5-5186baf6bb33","draft","Texas Rio Grande Legal Aid","Civil legal assistance","4920 North I-35, Austin, TX 78751, Austin, TX, 78751","4920 North I-35, Austin, TX 78751","Austin","TX","78751","ready",""
