"issue","status","resource_id","organization_name","title_es","title_en","group_size","signals","slug","phone","website_url","source_url","recommended_action","review_notes"
"shared_title_review","published","89813161-cbea-4aac-b1cd-3880a150280b","A Rocha USA","Apoyo comunitario para personas y familias","Community support for individuals and families","18","","a-rocha-usa-community-support-for-individuals-and-families","512-270-8308","https://arocha.us/","https://arocha.us/","Classify as legitimate repetition, mismatch, ambiguity, or true duplicate.",""
"shared_title_review","published","8a6d6db0-e43e-4ba5-a267-5584193dc263","Affordable Housing Online Search Tool (AHOST)","Búsqueda de vivienda asequible","Affordable housing search","2","","affordable-housing-online-search-tool-ahost-affordable-housing-search","","https://atxaffordablehousing.net/","https://atxaffordablehousing.net/","Classify as legitimate repetition, mismatch, ambiguity, or true duplicate.",""
"shared_title_review","published","f50ecc2d-6d8d-4343-8d07-2b55e58acede","AffordableHousing.com","Búsqueda de vivienda asequible","Affordable housing search","2","","affordablehousing-com-affordable-housing-search","","https://www.affordablehousing.com/","https://www.affordablehousing.com/","Classify as legitimate repetition, mismatch, ambiguity, or true duplicate.",""
"shared_title_review","published","aef44fd4-dad3-46c3-b679-414b3d981ac1","African American Youth Harvest Foundation","Apoyo comunitario para personas y familias","Community support for individuals and families","18","","african-american-youth-harvest-foundation-community-support-for-individuals-and-families","","http://www.aayhf.org/","http://www.aayhf.org/","Classify as legitimate repetition, mismatch, ambiguity, or true duplicate.",""
"shared_title_review","published","cbb1de0f-9b82-413d-9b00-d24c855e256d","American Gateways","Servicios legales de inmigración","Immigration Legal Services","3","","servicios-legales-de-inmigracion-american-gateways","512-478-0546","https://www.americangateways.org/","https://www.americangateways.org/","Classify as legitimate repetition, mismatch, ambiguity, or true duplicate.",""
"shared_title_review","published","1e1c4788-2cfb-457b-80a1-e70c8f25772b","ATX Kids Club","Programas de desarrollo y recreación juvenil","Youth development and recreation programs","25","","atx-kids-club-youth-development-and-recreation-programs","512-234-5437","http://atxkidsclub.org/","http://atxkidsclub.org/","Classify as legitimate repetition, mismatch, ambiguity, or true duplicate.",""
"shared_title_review","published","a7728245-bdf4-445f-8c5a-8f6a7550385b","Austin Angels","Apoyo para jóvenes y familias de cuidado temporal","Support for foster youth and families","7","","austin-angels-support-for-foster-youth-and-families","512-387-4307","http://austinangels.com","http://austinangels.com","Classify as legitimate repetition, mismatch, ambiguity, or true duplicate.",""
"shared_title_review","published","e01eedb9-6ee0-4c1b-81c6-b822ffc9e6c7","Austin Child Guidance Center","Servicios de salud mental y bienestar","Mental health and wellness services","11","","austin-child-guidance-center-mental-health-and-wellness-services","512-451-2242","http://www.austinchildguidance.org/","http://www.austinchildguidance.org/","Classify as legitimate repetition, mismatch, ambiguity, or true duplicate.",""
"shared_title_review","published","e3497e15-889d-4c79-b5df-5464e49d62b3","Austin Clubhouse","Servicios de salud mental y bienestar","Mental health and wellness services","11","","austin-clubhouse-mental-health-and-wellness-services","512-925-5877","http://www.austinclubhouse.org/","http://www.austinclubhouse.org/","Classify as legitimate repetition, mismatch, ambiguity, or true duplicate.",""
"shared_title_review","published","b460fd32-3961-4299-9beb-4f29f185029b","Austin Creative Reuse","Programas educativos y apoyo al aprendizaje","Education and learning support programs","9","","austin-creative-reuse-education-and-learning-support-programs","512-375-3041","http://austincreativereuse.org/","http://austincreativereuse.org/","Classify as legitimate repetition, mismatch, ambiguity, or true duplicate.",""
"shared_title_review","published","1eb2779a-7fd2-4524-a9d4-2f66924afa2b","Austin Voices for Education and Youth","Apoyo comunitario para personas y familias","Community support for individuals and families","18","","austin-voices-for-education-and-youth-community-support-for-individuals-and-families","512-493-4288","https://www.austinvoices.org/","https://www.austinvoices.org/","Classify as legitimate repetition, mismatch, ambiguity, or true duplicate.",""
"shared_title_review","published","d8a4c908-3fc6-4462-8f83-6b47945f1185","Austin Youth Fitness","Programas de desarrollo y recreación juvenil","Youth development and recreation programs","25","","austin-youth-fitness-youth-development-and-recreation-programs","512-537-9795","http://austinyouthfitness.com","http://austinyouthfitness.com","Classify as legitimate repetition, mismatch, ambiguity, or true duplicate.",""
"shared_title_review","published","6c0c4768-3cad-4e52-b3cd-67f0bcb006ce","Austin Youth River Watch","Programas de desarrollo y recreación juvenil","Youth development and recreation programs","25","","austin-youth-river-watch-youth-development-and-recreation-programs","512-708-9115","https://riverwatchers.org/","https://riverwatchers.org/","Classify as legitimate repetition, mismatch, ambiguity, or true duplicate.",""
"shared_title_review","published","7c98a4a6-92bf-4ba7-99a0-3f1f9217008b","Autism Society of Texas","Apoyo comunitario para personas y familias","Community support for individuals and families","18","","autism-society-of-texas-community-support-for-individuals-and-families","512-479-4199","http://www.texasautismsociety.org","http://www.texasautismsociety.org","Classify as legitimate repetition, mismatch, ambiguity, or true duplicate.",""
"shared_title_review","published","8f77124b-79e0-406e-b2bd-ceb422004b23","Beat 4 Beat","Programas educativos y apoyo al aprendizaje","Education and learning support programs","9","","beat-4-beat-education-and-learning-support-programs","512-484-0829","https://beat4beat.org/","https://beat4beat.org/","Classify as legitimate repetition, mismatch, ambiguity, or true duplicate.",""
"shared_title_review","published","98d4da6f-df63-4e3f-b11e-5647f372c084","Black Mamas ATX","Apoyo comunitario para personas y familias","Community support for individuals and families","18","","black-mamas-atx-community-support-for-individuals-and-families","","http://blackmamasatx.com/","http://blackmamasatx.com/","Classify as legitimate repetition, mismatch, ambiguity, or true duplicate.",""
"shared_title_review","published","0582465d-96a1-4806-a237-22ee6bed50d3","Black Women Who","Apoyo comunitario para personas y familias","Community support for individuals and families","18","","black-women-who-community-support-for-individuals-and-families","512-554-9477","http://www.blackwomenwho.com/","http://www.blackwomenwho.com/","Classify as legitimate repetition, mismatch, ambiguity, or true duplicate.",""
"shared_title_review","published","dc1dba5f-ed5e-4f0b-ab30-931192372aed","Boys and Girls Club of Georgetown","Programas de desarrollo y recreación juvenil","Youth development and recreation programs","25","","boys-and-girls-club-of-georgetown-youth-development-and-recreation-programs","512-868-3700","http://bgctx.org/Georgetown","http://bgctx.org/Georgetown","Classify as legitimate repetition, mismatch, ambiguity, or true duplicate.",""
"shared_title_review","published","7d9f192e-046d-4def-8c1b-ef30bbdbbf5a","Breakthrough CTX","Programas educativos y apoyo al aprendizaje","Education and learning support programs","9","","breakthrough-ctx-education-and-learning-support-programs","512-692-9444","https://breakthroughctx.org/","https://breakthroughctx.org/","Classify as legitimate repetition, mismatch, ambiguity, or true duplicate.",""
"shared_title_review","published","180d2b16-e6f5-47b5-92fa-44df43637545","Bridge Lacrosse","Programas de desarrollo y recreación juvenil","Youth development and recreation programs","25","","bridge-lacrosse-youth-development-and-recreation-programs","214-717-3191","http://bridgelacrosse.org/","http://bridgelacrosse.org/","Classify as legitimate repetition, mismatch, ambiguity, or true duplicate.",""
"shared_title_review","published","0e0452ad-c60b-4f3b-92ab-0434444425f4","Candlelight Ranch","Programas de desarrollo y recreación juvenil","Youth development and recreation programs","25","","candlelight-ranch-youth-development-and-recreation-programs","512-323-5300","http://www.candlelightranch.org","http://www.candlelightranch.org","Classify as legitimate repetition, mismatch, ambiguity, or true duplicate.",""
"shared_title_review","published","f695bd6c-bf3c-4476-b78c-2262aa8befb8","CARY (Council on At Risk Youth)","Programas educativos y apoyo al aprendizaje","Education and learning support programs","9","","cary-council-on-at-risk-youth-education-and-learning-support-programs","512-451-4592","http://www.cary4kids.org","http://www.cary4kids.org","Classify as legitimate repetition, mismatch, ambiguity, or true duplicate.",""
"shared_title_review","published","179bfc2d-5f17-4f27-9000-086c4ec3c871","Center for Child Protection","Programas educativos y apoyo al aprendizaje","Education and learning support programs","9","","center-for-child-protection-education-and-learning-support-programs","512-472-1162","http://centerforchildprotection.org/","http://centerforchildprotection.org/","Classify as legitimate repetition, mismatch, ambiguity, or true duplicate.",""
"shared_title_review","published","964ed8a9-7a7f-48b6-8d16-233adc81572d","Centered Youth Clinic & Consulting","Servicios de salud mental y bienestar","Mental health and wellness services","11","","centered-youth-clinic-and-consulting-mental-health-and-wellness-services","512-900-1780","http://www.centeredyouth.com/","http://www.centeredyouth.com/","Classify as legitimate repetition, mismatch, ambiguity, or true duplicate.",""
"shared_title_review","published","20e66dca-2481-48d1-a472-2f0cd5092e22","Christi Center","Servicios de salud mental y bienestar","Mental health and wellness services","11","","christi-center-mental-health-and-wellness-services","512-467-2600","http://christicenter.org/","http://christicenter.org/","Classify as legitimate repetition, mismatch, ambiguity, or true duplicate.",""
"shared_title_review","published","f41c8153-55dd-40d3-859e-512f01bf8efd","Colin's Hope","Apoyo comunitario para personas y familias","Community support for individuals and families","18","","colin-s-hope-community-support-for-individuals-and-families","512-720-1778","http://www.colinshope.org/","http://www.colinshope.org/","Classify as legitimate repetition, mismatch, ambiguity, or true duplicate.",""
"shared_title_review","published","1c36da4e-fca1-45c1-a90d-307af32eaeb7","College Possible Texas","Apoyo comunitario para personas y familias","Community support for individuals and families","18","","college-possible-texas-community-support-for-individuals-and-families","512-452-4800","http://collegepossible.org/texas","http://collegepossible.org/texas","Classify as legitimate repetition, mismatch, ambiguity, or true duplicate.",""
"shared_title_review","published","684e5303-f318-4851-ac58-b2c899680469","Con Mi Madre","Apoyo comunitario para personas y familias","Community support for individuals and families","18","","con-mi-madre-community-support-for-individuals-and-families","512-467-4483","https://www.conmimadre.org/","https://www.conmimadre.org/","Classify as legitimate repetition, mismatch, ambiguity, or true duplicate.",""
"shared_title_review","published","4058c496-d4db-4eff-81ec-41f098c3527b","Creative Action","Programas de desarrollo y recreación juvenil","Youth development and recreation programs","25","","creative-action-youth-development-and-recreation-programs","512-442-8773","http://creativeaction.org/","http://creativeaction.org/","Classify as legitimate repetition, mismatch, ambiguity, or true duplicate.",""
"shared_title_review","published","9a3dbad5-475f-4fc9-bf04-66897b2da65c","Cross Creek Behavioral Health Hospital","Servicios de salud mental y bienestar","Mental health and wellness services","11","","cross-creek-behavioral-health-hospital-mental-health-and-wellness-services","737-900-2379","http://www.crosscreekhospital.com","http://www.crosscreekhospital.com","Classify as legitimate repetition, mismatch, ambiguity, or true duplicate.",""
"shared_title_review","published","5ebe2d7f-a56c-4e2c-89ff-03f385c585a6","Crux Climbing Center","Programas de desarrollo y recreación juvenil","Youth development and recreation programs","25","","crux-climbing-center-youth-development-and-recreation-programs","713-419-2016","http://cruxcc.com/","http://cruxcc.com/","Classify as legitimate repetition, mismatch, ambiguity, or true duplicate.",""
"shared_title_review","published","77f8682b-dc32-4ba5-87c7-e067208a8df0","David Phillips Foundation","Programas de desarrollo y recreación juvenil","Youth development and recreation programs","25","","david-phillips-foundation-youth-development-and-recreation-programs","512-423-8839","https://www.davidphillipsfoundation.org/","https://www.davidphillipsfoundation.org/","Classify as legitimate repetition, mismatch, ambiguity, or true duplicate.",""
"shared_title_review","published","2cf67bff-cb89-4145-bcaa-06eea395e39a","Dell Children's Health Plan","Servicios de salud mental y bienestar","Mental health and wellness services","11","","dell-children-s-health-plan-mental-health-and-wellness-services","512-324-3247","http://www.dellchildrenshealthplan.com","http://www.dellchildrenshealthplan.com","Classify as legitimate repetition, mismatch, ambiguity, or true duplicate.",""
"shared_title_review","published","7a381e10-25c6-442b-a53a-6e7838946815","Dolores Catholic Church","Despensa de alimentos","Food Pantry","4","","dolores-catholic-church-food-pantry","512-385-4333","https://dolorescc.org/","https://puenteatx.org","Classify as legitimate repetition, mismatch, ambiguity, or true duplicate.",""
"shared_title_review","published","fa2a5b60-1967-4367-b0a6-97f9d68d0c91","Dress for Success Austin","Apoyo comunitario para personas y familias","Community support for individuals and families","18","","dress-for-success-austin-community-support-for-individuals-and-families","512-389-3723","https://www.dressforsuccessaustin.org/","https://www.dressforsuccessaustin.org/","Classify as legitimate repetition, mismatch, ambiguity, or true duplicate.",""
"shared_title_review","published","a600ca1d-45fc-408e-bdc8-b10e2efa2886","Elgin Community Cupboard","Despensa de Alimentos","Food Pantry","4","","elgin-community-cupboard-elgin-community-cupboard","512-281-2395","https://www.elgincommunitycupboard.org/","https://puenteatx.org","Classify as legitimate repetition, mismatch, ambiguity, or true duplicate.",""
"shared_title_review","published","5dae4db1-6d7d-47ce-a9a8-822cdd6b50a9","Explore Austin","Programas de desarrollo y recreación juvenil","Youth development and recreation programs","25","","explore-austin-youth-development-and-recreation-programs","512-320-8899","https://exploreaustin.org/","https://exploreaustin.org/","Classify as legitimate repetition, mismatch, ambiguity, or true duplicate.",""
"shared_title_review","published","ecaa3518-9c6d-46c9-8ab8-82c41abd5fd0","Families in Nature","Programas de desarrollo y recreación juvenil","Youth development and recreation programs","25","","families-in-nature-youth-development-and-recreation-programs","","http://www.familiesinnature.org/","http://www.familiesinnature.org/","Classify as legitimate repetition, mismatch, ambiguity, or true duplicate.",""
"shared_title_review","published","17d7d8cf-38ce-4b5f-952c-5426e84a723f","Foster Angels of Central Texas","Apoyo para jóvenes y familias de cuidado temporal","Support for foster youth and families","7","","foster-angels-of-central-texas-support-for-foster-youth-and-families","512-732-2329","http://fosterangelsctx.org","http://fosterangelsctx.org","Classify as legitimate repetition, mismatch, ambiguity, or true duplicate.",""
"shared_title_review","published","2c4a2020-6a11-443c-be76-22b87d68cc87","Foster Village","Apoyo para jóvenes y familias de cuidado temporal","Support for foster youth and families","7","","foster-village-support-for-foster-youth-and-families","512-599-4144","http://www.fostervillageaustin.org","http://www.fostervillageaustin.org","Classify as legitimate repetition, mismatch, ambiguity, or true duplicate.",""
"shared_title_review","published","46442109-648c-4f51-9ed4-df714e0f9864","Fostering Hope","Apoyo comunitario para personas y familias","Community support for individuals and families","18","","fostering-hope-community-support-for-individuals-and-families","512-953-3421","http://www.iamfosteringhope.org/","http://www.iamfosteringhope.org/","Classify as legitimate repetition, mismatch, ambiguity, or true duplicate.",""
"shared_title_review","published","01742e09-a7bc-4597-9697-7682b1623521","Girl Scouts of Central Texas","Programas de desarrollo y recreación juvenil","Youth development and recreation programs","25","","girl-scouts-of-central-texas-youth-development-and-recreation-programs","800-733-0011","http://www.gsctx.org/","http://www.gsctx.org/","Classify as legitimate repetition, mismatch, ambiguity, or true duplicate.",""
"shared_title_review","published","084b197a-594d-4614-bbd9-600775df37d6","Girls Empowerment Network","Programas de desarrollo y recreación juvenil","Youth development and recreation programs","25","","girls-empowerment-network-youth-development-and-recreation-programs","512-808-4044 ext. 805","http://www.girlsempowermentnetwork.org/","http://www.girlsempowermentnetwork.org/","Classify as legitimate repetition, mismatch, ambiguity, or true duplicate.",""
"shared_title_review","published","82498cc8-75da-410b-8e26-8c572a635a0c","Giving Austin Labor Support (GALS)","Servicios de salud mental y bienestar","Mental health and wellness services","11","","giving-austin-labor-support-gals-mental-health-and-wellness-services","512-934-2171","http://galsaustin.org/","http://galsaustin.org/","Classify as legitimate repetition, mismatch, ambiguity, or true duplicate.",""
"shared_title_review","published","b6ddcd4a-db8d-4c8e-aa55-c3e4d34d9f4b","Greater Mt. Zion Church","Despensa de Alimentos","Food Pantry","4","","greater-mt-zion-church-greater-mt-zion-church-2","512-550-7755","https://gmzaustin.org/","https://puenteatx.org","Classify as legitimate repetition, mismatch, ambiguity, or true duplicate.",""
"shared_title_review","published","40f9a72b-aa77-4860-8ffd-6e4c473993a8","Healing Wings LLC","Servicios de salud mental y bienestar","Mental health and wellness services","11","","healing-wings-llc-mental-health-and-wellness-services","512-690-8708","http://healingwingsllc.com","http://healingwingsllc.com","Classify as legitimate repetition, mismatch, ambiguity, or true duplicate.",""
"shared_title_review","published","73b444a8-b037-4d04-8325-8e5ecec24043","Helping Hand Home for Children","Apoyo para jóvenes y familias de cuidado temporal","Support for foster youth and families","7","","helping-hand-home-for-children-support-for-foster-youth-and-families","512-458-3353","http://www.helpinghandhome.org/","http://www.helpinghandhome.org/","Classify as legitimate repetition, mismatch, ambiguity, or true duplicate.",""
"shared_title_review","published","dcde9d1b-dae2-4df7-9d08-03be49e18a2d","Hill Country Community Ministries","Alimentos y asistencia para necesidades básicas","Food and basic-needs assistance","2","","hill-country-community-ministries-food-pantry","512-259-0360","https://hccm.org/get-help/","https://hccm.org/get-help/food-pantry.html","Classify as legitimate repetition, mismatch, ambiguity, or true duplicate.",""
"shared_title_review","published","24a73cb9-c809-4de7-9d4a-91311a668122","Impact Counseling Services, Inc","Servicios de salud mental y bienestar","Mental health and wellness services","11","","impact-counseling-services-inc-mental-health-and-wellness-services","512-713-9886","http://www.impactcounselingservices.org","http://www.impactcounselingservices.org","Classify as legitimate repetition, mismatch, ambiguity, or true duplicate.",""
"shared_title_review","published","eb2b6233-ade9-4cc5-885a-785ef5d682db","just keep livin Foundation","Programas de desarrollo y recreación juvenil","Youth development and recreation programs","25","","just-keep-livin-foundation-youth-development-and-recreation-programs","310-857-1555","https://jklivinfoundation.org/contact/","https://jklivinfoundation.org/contact/","Classify as legitimate repetition, mismatch, ambiguity, or true duplicate.",""
"shared_title_review","published","0de5cb4c-9a5d-4a8a-a7a8-3e2f5a885947","Keep Austin Beautiful","Programas educativos y apoyo al aprendizaje","Education and learning support programs","9","","keep-austin-beautiful-education-and-learning-support-programs","512-391-0617 ext. 713","https://keepaustinbeautiful.org/","https://keepaustinbeautiful.org/","Classify as legitimate repetition, mismatch, ambiguity, or true duplicate.",""
"shared_title_review","published","6736b501-749e-4473-b1d5-45c82c1fa03f","Lifeworks","Servicios de salud mental y bienestar","Mental health and wellness services","11","","lifeworks-mental-health-and-wellness-services","512-735-2400","https://www.lifeworksaustin.org/","https://www.lifeworksaustin.org/","Classify as legitimate repetition, mismatch, ambiguity, or true duplicate.",""
"shared_title_review","published","965b2004-2de8-49f4-a0d3-d0f6a0ccb3ac","Lincoln-Goldfinch Law","Servicios legales de inmigración","Immigration legal services","3","","lincoln-goldfinch-law-immigration-legal-services","855-502-0555","https://www.lincolngoldfinch.com/","https://www.lincolngoldfinch.com/","Classify as legitimate repetition, mismatch, ambiguity, or true duplicate.",""
"shared_title_review","published","b005b675-a70d-44fb-9af3-cfd2252c65d9","Live Like Cati","Apoyo comunitario para personas y familias","Community support for individuals and families","18","","live-like-cati-community-support-for-individuals-and-families","512-947-0356","http://www.livelikecati.org","http://www.livelikecati.org","Classify as legitimate repetition, mismatch, ambiguity, or true duplicate.",""
"shared_title_review","published","1223b6d6-d956-43c5-b254-0b938076d2f1","Mama Sana Vibrant Woman","Apoyo comunitario para personas y familias","Community support for individuals and families","18","","mama-sana-vibrant-woman-community-support-for-individuals-and-families","833-658-2558","http://www.msvwatx.org/","http://www.msvwatx.org/","Classify as legitimate repetition, mismatch, ambiguity, or true duplicate.",""
"shared_title_review","published","971d1abd-c963-42f0-836f-75b7b05426d5","Manchaca United Methodist Church","Despensa de Alimentos","Food Pantry","4","","manchaca-united-methodist-church-despensa-de-alimentos-manchaca-united-methodist-church","512-282-7274","https://www.manchacaumc.org/food-pantry","https://puenteatx.org","Classify as legitimate repetition, mismatch, ambiguity, or true duplicate.",""
"shared_title_review","published","52ab99cc-b7b3-4426-a7c9-74df09a8defa","Maven Youth","Programas de desarrollo y recreación juvenil","Youth development and recreation programs","25","","maven-youth-youth-development-and-recreation-programs","210-705-9287","http://www.mavenyouth.org/","http://www.mavenyouth.org/","Classify as legitimate repetition, mismatch, ambiguity, or true duplicate.",""
"shared_title_review","published","50672310-7949-49fa-95b4-4e7aff7e4bf2","Partners For Education Agriculture and Sustainability (PEAS)","Programas educativos y apoyo al aprendizaje","Education and learning support programs","9","","partners-for-education-agriculture-and-sustainability-peas-education-and-learning-support-programs","512-348-8743","http://peascommunity.org/","http://peascommunity.org/","Classify as legitimate repetition, mismatch, ambiguity, or true duplicate.",""
"shared_title_review","published","10a27315-251e-44b7-8960-80f79a2a980b","Partnerships for Children","Apoyo comunitario para personas y familias","Community support for individuals and families","18","","partnerships-for-children-community-support-for-individuals-and-families","512-834-4756","https://partnershipsforchildren.org","https://partnershipsforchildren.org","Classify as legitimate repetition, mismatch, ambiguity, or true duplicate.",""
"shared_title_review","published","65459494-1146-446f-900b-7763b2fc38d2","RAICES","Servicios legales de inmigración","Immigration legal services","3","","raices-immigration-legal-services","512-961-1773","https://www.immigrationadvocates.org/legaldirectory/organization.626673-Refugee_and_Immigrant_Center_for_Education_and_Legal_Services_Inc_RAICES","https://www.immigrationadvocates.org/legaldirectory/organization.626673-Refugee_and_Immigrant_Center_for_Education_and_Legal_Services_Inc_RAICES","Classify as legitimate repetition, mismatch, ambiguity, or true duplicate.",""
"shared_title_review","published","3d84a53d-1b8f-4ae9-8b34-291a1f5fb7e6","RBI Austin","Programas de desarrollo y recreación juvenil","Youth development and recreation programs","25","","rbi-austin-youth-development-and-recreation-programs","512-387-7936","http://www.rbiaustin.org/","http://www.rbiaustin.org/","Classify as legitimate repetition, mismatch, ambiguity, or true duplicate.",""
"shared_title_review","published","e90e730b-2572-403f-99e0-1a4d2a146474","Round Rock Housing Authority","Vivienda pública y asistencia de renta","Public housing and rental assistance","2","","round-rock-housing-authority-programs","512-255-3702","https://www.roundrockha.org/","https://www.wilcotx.gov/1734/Resources","Classify as legitimate repetition, mismatch, ambiguity, or true duplicate.",""
"shared_title_review","published","1fee08a5-40ba-4bbf-b10a-0474d09ea20c","Rowing Dock","Programas de desarrollo y recreación juvenil","Youth development and recreation programs","25","","rowing-dock-youth-development-and-recreation-programs","512-459-0999","http://www.rowingdock.com","http://www.rowingdock.com","Classify as legitimate repetition, mismatch, ambiguity, or true duplicate.",""
"shared_title_review","published","2952025e-0e38-4b4a-bda8-476c35c850d6","Samaritan Center","Servicios de salud mental y bienestar","Mental health and wellness services","11","","samaritan-center-mental-health-and-wellness-services","512-451-7337","https://samaritan-center.org/","https://samaritan-center.org/","Classify as legitimate repetition, mismatch, ambiguity, or true duplicate.",""
"shared_title_review","published","53df8be8-d80b-47a7-bec4-47043ef9f377","Seedling","Programas de desarrollo y recreación juvenil","Youth development and recreation programs","25","","seedling-youth-development-and-recreation-programs","512-323-6371","http://www.seedlingmentors.org/","http://www.seedlingmentors.org/","Classify as legitimate repetition, mismatch, ambiguity, or true duplicate.",""
"shared_title_review","published","70bff9cc-e79e-458e-aa08-123353f489e1","Shield Ranch Foundation/El Ranchito","Programas de desarrollo y recreación juvenil","Youth development and recreation programs","25","","shield-ranch-foundation-el-ranchito-youth-development-and-recreation-programs","512-710-8313","http://www.elranchito.org/","http://www.elranchito.org/","Classify as legitimate repetition, mismatch, ambiguity, or true duplicate.",""
"shared_title_review","published","5730fc31-c9ed-4cdb-b3b4-fc81a546b462","Taylor Housing Authority","Vivienda pública y asistencia de renta","Public housing and rental assistance","2","","taylor-housing-authority-programs","512-352-3231","","https://www.wilcotx.gov/1734/Resources","Classify as legitimate repetition, mismatch, ambiguity, or true duplicate.",""
"shared_title_review","published","9e02be2f-dabf-4e0d-87ae-4b8aacdba5b4","Texas Baptist Children's Home","Apoyo para jóvenes y familias de cuidado temporal","Support for foster youth and families","7","","texas-baptist-children-s-home-support-for-foster-youth-and-families","512-255-3682","http://www.tbch.org","http://www.tbch.org","Classify as legitimate repetition, mismatch, ambiguity, or true duplicate.",""
"shared_title_review","published","b34b0e49-696b-4043-b340-be0dfee17673","Texas Foster Family Association","Apoyo comunitario para personas y familias","Community support for individuals and families","18","","texas-foster-family-association-community-support-for-individuals-and-families","903-372-2400","http://tffa.org/","http://tffa.org/","Classify as legitimate repetition, mismatch, ambiguity, or true duplicate.",""
"shared_title_review","published","e6ea2283-56c6-4012-979b-70edad0567b1","Texas Parks and Wildlife Department (TPWD)","Programas de desarrollo y recreación juvenil","Youth development and recreation programs","25","","texas-parks-and-wildlife-department-tpwd-youth-development-and-recreation-programs","512-389-8713","https://tpwd.texas.gov/","https://tpwd.texas.gov/","Classify as legitimate repetition, mismatch, ambiguity, or true duplicate.",""
"shared_title_review","published","11d31d56-84c0-4f93-b048-ca140c5d554a","Texas WIC","Nutrición y beneficios WIC","WIC nutrition and food benefits","2","","nutricion-y-beneficios-wic-texas-wic","800-942-3678","https://texaswic.org/about-wic","https://texaswic.org/about-wic","Classify as legitimate repetition, mismatch, ambiguity, or true duplicate.",""
"shared_title_review","published","3a9cfb2b-3c64-46fb-981d-cb0cc1a101ba","Texas Wildlife Association","Programas educativos y apoyo al aprendizaje","Education and learning support programs","9","","texas-wildlife-association-education-and-learning-support-programs","210-826-2904","http://www.texas-wildlife.org/","http://www.texas-wildlife.org/","Classify as legitimate repetition, mismatch, ambiguity, or true duplicate.",""
"shared_title_review","published","85303f47-6ce4-425d-bbd7-103377ee3183","The Georgetown Project","Apoyo comunitario para personas y familias","Community support for individuals and families","18","","the-georgetown-project-community-support-for-individuals-and-families","512-943-0074","http://www.georgetownproject.org/","http://www.georgetownproject.org/","Classify as legitimate repetition, mismatch, ambiguity, or true duplicate.",""
"shared_title_review","published","a922e19a-6fa5-4e4d-8621-48a7d7623ab7","The Settlement Home for Children Post-Adoption Services","Apoyo para jóvenes y familias de cuidado temporal","Support for foster youth and families","7","","the-settlement-home-for-children-post-adoption-services-support-for-foster-youth-and-families","512-836-2150 ext. 176","https://www.settlementhomepostadoption.org/","https://www.settlementhomepostadoption.org/","Classify as legitimate repetition, mismatch, ambiguity, or true duplicate.",""
"shared_title_review","published","fe44121c-f3fc-45e0-bedb-ddceff9cd388","Todos Juntos Learning Center","Apoyo comunitario para personas y familias","Community support for individuals and families","18","","todos-juntos-learning-center-community-support-for-individuals-and-families","512-788-7255","http://todosjuntoslc.org","http://todosjuntoslc.org","Classify as legitimate repetition, mismatch, ambiguity, or true duplicate.",""
"shared_title_review","published","2ddc9f82-7c49-4781-9c1e-b81cbef39535","Travis Audubon","Programas de desarrollo y recreación juvenil","Youth development and recreation programs","25","","travis-audubon-youth-development-and-recreation-programs","512-300-2473","http://www.travisaudubon.org/","http://www.travisaudubon.org/","Classify as legitimate repetition, mismatch, ambiguity, or true duplicate.",""
"shared_title_review","published","e20bd28c-bbc1-4ff3-89f4-f6493b731344","Upbring","Apoyo para jóvenes y familias de cuidado temporal","Support for foster youth and families","7","","upbring-support-for-foster-youth-and-families","512-459-1000","https://upbring.org/","https://upbring.org/","Classify as legitimate repetition, mismatch, ambiguity, or true duplicate.",""
"shared_title_review","published","e2b49b45-73e8-4905-b97e-01ab1e099a9d","Uplift Texas","Alimentos y asistencia para necesidades básicas","Food and basic-needs assistance","2","","uplift-texas-food-and-basic-needs-assistance","832-722-8414","http://uplifttexas.org/","http://uplifttexas.org/","Classify as legitimate repetition, mismatch, ambiguity, or true duplicate.",""
"shared_title_review","published","0d41a430-c159-4f9b-b8f4-2ed7b1cbc5cc","Urban Roots","Programas de desarrollo y recreación juvenil","Youth development and recreation programs","25","","urban-roots-youth-development-and-recreation-programs","512-750-8019","http://www.urbanrootsatx.org","http://www.urbanrootsatx.org","Classify as legitimate repetition, mismatch, ambiguity, or true duplicate.",""
"shared_title_review","published","bc94d411-db8d-4ba0-8571-2a8e964f289a","Westcave Outdoor Discovery Center","Programas de desarrollo y recreación juvenil","Youth development and recreation programs","25","","westcave-outdoor-discovery-center-youth-development-and-recreation-programs","830-825-3442","https://www.westcave.org/","https://www.westcave.org/","Classify as legitimate repetition, mismatch, ambiguity, or true duplicate.",""
"shared_title_review","published","2f3dd17c-8a9b-47c0-95fd-499b693273c3","Williamson County and Cities Health District","Nutrición y beneficios WIC","WIC nutrition and food benefits","2","","wcchd-wic-williamson","512-943-3680","https://www.wcchd.org/healthy_people/wic/index.php","https://www.wcchd.org/healthy_people/wic/index.php","Classify as legitimate repetition, mismatch, ambiguity, or true duplicate.",""
"shared_title_review","published","7b3c4f39-f752-49eb-b8c7-5fc858a65e3c","Williamson County Children's Advocacy Center","Programas educativos y apoyo al aprendizaje","Education and learning support programs","9","","williamson-county-children-s-advocacy-center-education-and-learning-support-programs","512-943-3701","https://wilcocac.org/","https://wilcocac.org/","Classify as legitimate repetition, mismatch, ambiguity, or true duplicate.",""
"shared_title_review","published","6aaf57ab-6fc3-4e9d-83d8-917a1d53cab3","Wonders & Worries","Apoyo comunitario para personas y familias","Community support for individuals and families","18","","wonders-and-worries-community-support-for-individuals-and-families","512-329-3607","https://wondersandworries.org/","https://wondersandworries.org/","Classify as legitimate repetition, mismatch, ambiguity, or true duplicate.",""
"shared_title_review","published","11faa1df-af1b-4123-a1d5-bbe2e14dd076","YWCA Greater Austin","Programas de desarrollo y recreación juvenil","Youth development and recreation programs","25","","ywca-greater-austin-youth-development-and-recreation-programs","","http://www.ywcaaustin.org/","http://www.ywcaaustin.org/","Classify as legitimate repetition, mismatch, ambiguity, or true duplicate.",""
"shared_title_review","published","a56bf4d3-8986-4009-b2d6-9c6273582a8d","Zilker Botanical Garden","Programas de desarrollo y recreación juvenil","Youth development and recreation programs","25","","zilker-botanical-garden-youth-development-and-recreation-programs","512-477-8672","https://zilkergarden.org/hours-admissions/","https://zilkergarden.org/hours-admissions/","Classify as legitimate repetition, mismatch, ambiguity, or true duplicate.",""
"title_contains_organization","published","5e7c1ec1-b2e5-4807-9b3c-248719aefd2b","Bastrop County","Oficina de Servicios para Veteranos del Condado de Bastrop","Bastrop County Veterans Service Office","1","organization","oficina-de-servicios-para-veteranos-del-condado-de-bastrop-bastrop-county","512-581-4006","https://www.bastropcounty.gov/page/co.veteran_services","https://puenteatx.org","Remove redundant organization wording while preserving the service identity.",""
"title_contains_organization","published","b4ec4cc4-7148-4215-9e96-bf243cb77dd1","Catholic Charities of Central Texas","Caridades Católicas de Central Texas – Servicios para Veteranos St. Michael's","Catholic Charities of Central Texas – St. Michael's Veteran Services","1","organization","caridades-catolicas-de-central-texas-servicios-para-veteranos-st-michael-s-catholic-charities-of-central-texas","254-978-6753","https://ccctx.org/st-michaels-veteran-services/","https://puenteatx.org","Remove redundant organization wording while preserving the service identity.",""
"title_contains_organization","published","d4ed0a29-53f4-4a2d-b599-a0658288b06e","Community Medical Services","Community Medical Services – Cedar Park","Community Medical Services – Cedar Park","1","organization","community-medical-services-cedar-park","512-986-7743","https://communitymedicalservices.org/locations/addiction-treatment-cedar-park-texas/","https://communitymedicalservices.org/locations/addiction-treatment-cedar-park-texas/","Remove redundant organization wording while preserving the service identity.",""
"title_contains_organization","published","1f9d9076-ebd8-444e-9c6e-5a3964b6e7e1","Hays County","Servicios para Veteranos del Condado de Hays","Hays County Veterans Services","1","organization","servicios-para-veteranos-del-condado-de-hays-hays-county","512-392-8387","https://www.hayscountytx.gov/veterans-services","https://puenteatx.org","Remove redundant organization wording while preserving the service identity.",""
"title_contains_organization","published","5161245e-540b-4198-bbfb-51c2763f0ed3","Heroes Night Out","Heroes Night Out / Centro de Recursos Heroes","Heroes Night Out / Heroes Resource Center","1","organization","heroes-night-out-centro-de-recursos-heroes-heroes-night-out","512-986-7660","https://www.heroesresourcecenter.org/","https://www.heroesresourcecenter.org/","Remove redundant organization wording while preserving the service identity.",""
"title_contains_organization","published","b3e2deec-ec82-4a93-8c2b-fa160cc216ff","Lone Star Circle of Care","Lone Star Circle of Care – Salud Conductual de Round Rock","Lone Star Circle of Care – Round Rock Behavioral Health","1","organization","lone-star-circle-of-care-round-rock-behavioral-health","877-800-5722","https://lonestarcares.org/","https://lonestarcares.org/","Remove redundant organization wording while preserving the service identity.",""
"title_contains_organization","published","efc5c4c7-6673-4c20-923a-6105141637a0","Lone Star Circle of Care","Lone Star Circle of Care – Salud Conductual de Georgetown","Lone Star Circle of Care – Georgetown Behavioral Health","1","organization","lone-star-circle-of-care-georgetown-behavioral-health","877-800-5722","https://lonestarcares.org/","https://lonestarcares.org/","Remove redundant organization wording while preserving the service identity.",""
"title_contains_organization","published","baf26283-8c39-4a4b-99dc-41126636b87d","Opportunities for Williamson & Burnet Counties","Opportunities for Williamson & Burnet Counties (OWBC)","Opportunities for Williamson & Burnet Counties (OWBC)","1","organization","opportunities-williamson-burnet-counties","512-763-1400","https://owbc-tx.org/","https://owbc-tx.org/","Remove redundant organization wording while preserving the service identity.",""
"title_contains_organization","published","381ceae3-e148-49af-84be-d9a66b5fc351","Senior Access","Senior Access / Drive a Senior","Senior Access / Drive a Senior","1","organization","senior-access-drive-a-senior","512-310-1060","https://senioraccesstx.org/","https://senioraccesstx.org/","Remove redundant organization wording while preserving the service identity.",""
"title_contains_organization","published","b2d9fdb2-61f0-4eac-b3c6-9b0631cbb96d","STARRY","STARRY – Williamson County","STARRY – Williamson County","1","organization","starry-williamson-county","512-388-8290","https://www.starry.org/wilco/","https://www.starry.org/wilco/","Remove redundant organization wording while preserving the service identity.",""
"title_contains_organization","published","701f1343-57dc-4616-9bf6-c6582bd42593","Texas Legal Services Center","Texas Legal Services Center – Williamson County","Texas Legal Services Center – Williamson County","1","organization","texas-legal-services-center-williamson-county","512-477-6000","https://www.tlsc.org/","https://www.tlsc.org/","Remove redundant organization wording while preserving the service identity.",""
"title_contains_organization","published","36baf425-4bb9-47ad-bc13-101fdfd4fb78","The Georgetown Project","The Georgetown Project – NEST Empowerment Center","The Georgetown Project – NEST Empowerment Center","1","organization","georgetown-project-nest-empowerment-center","512-943-8056","https://www.georgetownproject.org/nest-empowerment-center/","https://www.georgetownproject.org/nest-empowerment-center/","Remove redundant organization wording while preserving the service identity.",""
"title_contains_organization","published","717c0149-204c-4a6e-8300-b1a1213eabe0","Travis County","Servicios para Veteranos del Condado de Travis","Travis County Veterans Services","1","organization","servicios-para-veteranos-del-condado-de-travis-travis-county","512-854-9340","https://www.traviscountytx.gov/veterans-services","https://www.traviscountytx.gov/veterans-services","Remove redundant organization wording while preserving the service identity.",""
"title_contains_organization","published","c81ada7a-35f9-4f2c-8282-303c82c3b30c","Williamson County","Tribunal de Recuperación Familiar de Williamson County","Williamson County Family Recovery Court","1","organization","williamson-county-family-recovery-court","","https://www.wilcotx.gov/502/Family-Recovery-Court","https://www.wilcotx.gov/502/Family-Recovery-Court","Remove redundant organization wording while preserving the service identity.",""
"title_contains_organization","published","800cef72-58f3-4bd0-bb1a-294961db7486","Williamson County","Servicios para Veteranos del Condado de Williamson","Williamson County Veteran Services","1","organization","servicios-para-veteranos-del-condado-de-williamson-williamson-county","512-943-1900","https://www.wilcotx.gov/785/Veteran-Services","https://puenteatx.org","Remove redundant organization wording while preserving the service identity.",""
"title_contains_organization","published","96e32345-c31a-4260-a816-efb412582e88","Williamson County Juvenile Services","Williamson County Juvenile Services – Salud Mental y Apoyo Familiar","Williamson County Juvenile Services – Mental Health / Family Support","1","organization","williamson-county-juvenile-services-mental-health-family-support","512-943-3200","https://www.wilcotx.gov/juvenile","https://www.wilcotx.gov/juvenile","Remove redundant organization wording while preserving the service identity.",""
"title_duplicates_organization","published","c2e8d27a-38f3-4a7e-a82c-33cdf7e11f97","Accessible Housing Austin! (AHA!)","Accessible Housing Austin! (AHA!)","Accessible Housing Austin! (AHA!)","1","organization","accessible-housing-austin-aha-accessible-housing-austin-aha","512-640-7781","https://ahaustin.org/aha-accessible-housing-austin","https://ahaustin.org/aha-accessible-housing-austin","Replace with a specific, self-contained service title.",""
"title_duplicates_organization","published","0a97f4ee-26c3-4a07-a118-c3cf024c20d5","All Saints Episcopal Church Rent and Utility Assistance","All Saints Episcopal Church","All Saints Episcopal Church Rent and Utility Assistance","1","organization","all-saints-episcopal-church-rent-and-utility-assistance-all-saints-episcopal-church-rent-and-utility-assistanc","512-637-2826","https://www.allsaints-austin.org/serve/loaves-and-fishes","https://www.allsaints-austin.org/serve/loaves-and-fishes","Replace with a specific, self-contained service title.",""
"title_duplicates_organization","published","d8a0d9f5-ca03-4a94-bf7a-a0d4f5d37669","Angel House/ Austin Baptist Chapel","Angel House/ Austin Baptist Chapel","Angel House/ Austin Baptist Chapel","1","organization","angel-house-austin-baptist-chapel-angel-house-austin-baptist-chapel","512-643-2327","http://www.austinbaptistchapel.com/","http://www.austinbaptistchapel.com/","Replace with a specific, self-contained service title.",""
"title_duplicates_organization","published","bf5c41af-a94a-4b0f-be55-3a8c0bded946","Ashwell Sexual Health and Wellness Clinic","Ashwell Sexual Health & Wellness","Ashwell Sexual Health and Wellness Clinic","1","organization","ashwell-sexual-health-and-wellness-clinic-ashwell-sexual-health-and-wellness-clinic","512-900-3116","https://ashwellatx.org/services","https://ashwellatx.org/services","Replace with a specific, self-contained service title.",""
"title_duplicates_organization","published","b082a770-59a2-46cf-aa1c-03293fe26012","ATX Free Fridge Project","ATX Free Fridge Project","ATX Free Fridge Project","1","organization","atx-free-fridge-project-atx-free-fridge-project","","https://www.atxfreefridge.com/","https://www.atxfreefridge.com/","Replace with a specific, self-contained service title.",""
"title_duplicates_organization","published","5c580c96-5e59-465f-9223-c223a9a1e1b1","Austin Habitat for Humanity Homeownership Program","Austin Habitat for Humanity Homeownership Program","Austin Habitat for Humanity Homeownership Program","1","organization","austin-habitat-for-humanity-homeownership-program-austin-habitat-for-humanity-homeownership-program","512-472-8788","https://austinhabitat.org/programs/apply","https://austinhabitat.org/programs/apply","Replace with a specific, self-contained service title.",""
"title_duplicates_organization","published","cfba8357-d505-4dfe-acdd-0f97af507dfb","Austin Tenants Council (Now a project of Texas RioGrande Legal Aid)","Austin Tenants Council","Austin Tenants Council (Now a project of Texas RioGrande Legal Aid)","1","organization","austin-tenants-council-now-a-project-of-texas-riogrande-legal-aid-austin-tenants-council-now-a-project-of-texa","512-474-1961","https://www.housing-rights.org/tenant-concerns","https://www.housing-rights.org/tenant-concerns","Replace with a specific, self-contained service title.",""
"title_duplicates_organization","published","a40fba36-1d16-4abf-b8f8-0ff41173d148","Baptist Children’s Home","Baptist Children’s Home","Baptist Children’s Home","1","organization","baptist-children-s-home-baptist-children-s-home","512-246-4248","https://www.tbch.org/Site/Service/Family-Care-Program","https://www.tbch.org/Site/Service/Family-Care-Program","Replace with a specific, self-contained service title.",""
"title_duplicates_organization","published","972f44f8-ae7a-43db-8433-a87ce7293d51","BASTA (Building and Strengthening Tenant Action)","BASTA (Buscando Acción y Solidaridad que Transforme el Arrendamiento)","BASTA (Building and Strengthening Tenant Action)","1","organization","basta-building-and-strengthening-tenant-action-basta-building-and-strengthening-tenant-action","","https://bastaaustin.org/","https://bastaaustin.org/","Replace with a specific, self-contained service title.",""
"title_duplicates_organization","published","9fb125d7-eee4-41ed-bb48-adfcf413ff6b","Caritas of Austin","Caritas of Austin","Caritas of Austin","1","organization","caritas-of-austin-caritas-of-austin","","https://caritasofaustin.org/","https://caritasofaustin.org/","Replace with a specific, self-contained service title.",""
"title_duplicates_organization","published","c567ffe0-7dc7-401d-9070-e41641d6e452","Central Texas Food Bank and SNAP Assistance","Central Texas Food Bank and SNAP Assistance","Central Texas Food Bank and SNAP Assistance","1","organization","central-texas-food-bank-and-snap-assistance-central-texas-food-bank-and-snap-assistance","512-282-2111","https://www.centraltexasfoodbank.org/food-assistance/get-food-now","https://www.centraltexasfoodbank.org/food-assistance/get-food-now","Replace with a specific, self-contained service title.",""
"title_duplicates_organization","published","289575a2-533f-40c9-80ba-2493c04e34b5","Central Texas Lawyer Referral Service","Referencia de Abogados en Austin, TX (Lawyer Referral of Central TX)","Central Texas Lawyer Referral Service","1","organization","central-texas-lawyer-referral-service-central-texas-lawyer-referral-service","512-472-8303","https://austinlrs.com/","https://austinlrs.com/","Replace with a specific, self-contained service title.",""
"title_duplicates_organization","published","30a2ed4d-a999-4c72-bf55-373715e765cb","Clarksville Community Development Corporation","Clarksville Community Development Corporation","Clarksville Community Development Corporation","1","organization","clarksville-community-development-corporation-clarksville-community-development-corporation","512-417-7984","https://www.clarksvillecdc.org/affordable-housing","https://www.clarksvillecdc.org/affordable-housing","Replace with a specific, self-contained service title.",""
"title_duplicates_organization","published","e80c7223-8a58-48b3-a796-556333001f2d","David Chapel Missionary Baptist Church","David Chapel Missionary Baptist Church","David Chapel Missionary Baptist Church","1","organization","david-chapel-missionary-baptist-church-david-chapel-missionary-baptist-church","512-472-9748","https://davidchapel.org/financial-hardship-donations","https://davidchapel.org/financial-hardship-donations","Replace with a specific, self-contained service title.",""
"title_duplicates_organization","published","1617f63a-5e6d-4d72-ae3c-24cef6ca65f4","Drive a Senior Network","Drive a Senior Network","Drive a Senior Network","1","organization","drive-a-senior-network-drive-a-senior-network","512-456-8262","https://driveasenior.org/","https://driveasenior.org/","Replace with a specific, self-contained service title.",""
"title_duplicates_organization","published","54f421f8-ef5c-464e-b432-0d7070caff95","ECHO Coordinated Assessment","Evaluación coordinada de ECHO","ECHO Coordinated Assessment","1","organization","echo-coordinated-assessment-echo-coordinated-assessment","","https://www.austinecho.org/wp-content/uploads/2021/12/CA-Info-Flyer-Updated-Dec-2024.pdf","https://www.austinecho.org/wp-content/uploads/2021/12/CA-Info-Flyer-Updated-Dec-2024.pdf","Replace with a specific, self-contained service title.",""
"title_duplicates_organization","published","90b3d0f4-6385-4e67-aff8-28777cba01dc","Eviction Solidarity Network (http://evictionisnotacure.com/)","Red de Solidaridad Contra el Desalojo","Eviction Solidarity Network (http://evictionisnotacure.com/)","1","organization","eviction-solidarity-network-http-evictionisnotacure-com-eviction-solidarity-network-http-evictionisnotacure-co","","http://evictionisnotacure.com/","http://evictionisnotacure.com/","Replace with a specific, self-contained service title.",""
"title_duplicates_organization","published","1a14a367-0b90-4bf9-a205-a4937b57db90","Georgetown Housing Authority","Georgetown Housing Authority","Georgetown Housing Authority","1","organization","georgetown-housing-authority","512-863-5565","","https://puenteatx.org","Replace with a specific, self-contained service title.",""
"title_duplicates_organization","published","9da35367-d065-47e8-83f2-862a7e66e89f","Growing Heart","Growing Heart","Growing Heart","1","organization","growing-heart-liberty-hill","737-318-9712","","https://puenteatx.org","Replace with a specific, self-contained service title.",""
"title_duplicates_organization","published","a13989cb-a3d6-42da-bf51-264ecc328b84","Guadalupe Neighborhood Development Corporation","Guadalupe Neighborhood Development Corporation","Guadalupe Neighborhood Development Corporation","1","organization","guadalupe-neighborhood-development-corporation-guadalupe-neighborhood-development-corporation","512-479-6275","https://www.guadalupendc.org/apply-for-housing","https://www.guadalupendc.org/apply-for-housing","Replace with a specific, self-contained service title.",""
"title_duplicates_organization","published","01bd9281-55d8-4e86-93f8-9723e134aeca","HealthWell Foundation","HealthWell Foundation","HealthWell Foundation","1","organization","healthwell-foundation-healthwell-foundation","800-675-8416","https://www.healthwellfoundation.org/patients","https://www.healthwellfoundation.org/patients","Replace with a specific, self-contained service title.",""
"title_duplicates_organization","published","af22c751-b355-4999-923d-cc77bc27bc8f","Housing Authority for the City of Austin (HACA)","Housing Authority for the City of Austin (HACA)","Housing Authority for the City of Austin (HACA)","1","organization","housing-authority-for-the-city-of-austin-haca-housing-authority-for-the-city-of-austin-haca","512-477-4488","https://www.hacanet.org/residents/welcome","https://www.hacanet.org/residents/welcome","Replace with a specific, self-contained service title.",""
"title_duplicates_organization","published","8aa8a027-bd36-44a7-ae4b-2d1338547725","Housing Authority of Travis County (HATC)","Housing Authority for Travis County (HATC)","Housing Authority of Travis County (HATC)","1","organization","housing-authority-of-travis-county-hatc-housing-authority-of-travis-county-hatc","512-480-8245","https://hatctx.com/","https://hatctx.com/","Replace with a specific, self-contained service title.",""
"title_duplicates_organization","published","4fcd375f-c87d-4f8d-98a5-b6e7d9486ed5","Hutto Resource Center","Hutto Resource Center","Hutto Resource Center","1","organization","hutto-resource-center","512-688-0162","https://huttoresourcecenter.org/","https://huttoresourcecenter.org/","Replace with a specific, self-contained service title.",""
"title_duplicates_organization","published","986bbf8f-0c0a-4b57-a0d1-ab8d9fb7fe9f","Kind Dental Care","Kind Dental Care","Kind Dental Care","1","organization","kind-dental-care-kind-dental-care","512-640-7778","https://www.kinddentalcare.com/financial-options.html","https://www.kinddentalcare.com/financial-options.html","Replace with a specific, self-contained service title.",""
"title_duplicates_organization","published","f4540f06-84ce-419b-89a5-050cde1f0a0b","Lifeworks (youth only)","Lifeworks (solamente para jóvenes)","Lifeworks (youth only)","1","organization","lifeworks-youth-only-lifeworks-youth-only","512-735-2400","https://www.lifeworksaustin.org/","https://www.lifeworksaustin.org/","Replace with a specific, self-contained service title.",""
"title_duplicates_organization","published","6aaaceb5-440b-463b-b09b-81c9752bc509","Literacy Council of Williamson County","Literacy Council of Williamson County","Literacy Council of Williamson County","1","organization","literacy-council-williamson-county","","https://literacycouncilofwilliamsoncountytx.wordpress.com/","https://literacycouncilofwilliamsoncountytx.wordpress.com/","Replace with a specific, self-contained service title.",""
"title_duplicates_organization","published","1f38b864-ea55-418e-89e3-91cec44a92d6","Meals for Vets","Comidas para Veteranos","Meals for Vets","1","organization","meals-for-vets-comidas-para-veteranos-meals-for-vets","830-992-3375","https://mealsforvets.org/","https://puenteatx.org","Replace with a specific, self-contained service title.",""
"title_duplicates_organization","published","babaf4b3-a506-4cef-8dbc-bccc0e05d71e","Meals on Wheels Central Texas","Meals on Wheels Central Texas","Meals on Wheels Central Texas","1","organization","meals-on-wheels-central-texas-meals-on-wheels-central-texas","512-476-6325","https://www.mealsonwheelscentraltexas.org/","https://www.mealsonwheelscentraltexas.org/","Replace with a specific, self-contained service title.",""
"title_duplicates_organization","published","c95962a4-2670-4382-809b-433c69bd0c27","Mueller Affordable Homes","Casas Asquesibles de Mueller","Mueller Affordable Homes","1","organization","mueller-affordable-homes-mueller-affordable-homes","512-703-9202","https://muelleraustin.com/affordable-homes","https://muelleraustin.com/affordable-homes","Replace with a specific, self-contained service title.",""
"title_duplicates_organization","published","bb79ba13-9206-42de-8815-bdabc9089bb3","Neighbor to Neighbor","Neighbor to Neighbor Program","Neighbor to Neighbor","1","organization","neighbor-to-neighbor-neighbor-to-neighbor","512-943-7978","http://welcometableaustin.org/neighbor","http://welcometableaustin.org/neighbor","Replace with a specific, self-contained service title.",""
"title_duplicates_organization","published","ef198568-885e-40d2-816b-520a9e26b137","New Eyes","New Eyes","New Eyes","1","organization","new-eyes-new-eyes","","https://new-eyes.org/application","https://new-eyes.org/application","Replace with a specific, self-contained service title.",""
"title_duplicates_organization","published","61f9b09f-3d53-42b5-9852-24eaa0007d4b","Oakvine Recovery Center","Oakvine Recovery Center","Oakvine Recovery Center","1","organization","oakvine-recovery-center","512-745-9446","https://oakvine.com/","https://oakvine.com/","Replace with a specific, self-contained service title.",""
"title_duplicates_organization","published","5f5f2227-d772-4fbb-82fd-e81b283f3750","Operation Liberty Hill","Operation Liberty Hill","Operation Liberty Hill","1","organization","operation-liberty-hill","512-778-4175","https://www.operationlh.org/","https://www.operationlh.org/","Replace with a specific, self-contained service title.",""
"title_duplicates_organization","published","f238120b-962a-4a16-9b5d-cd985c720925","Round Rock Housing Authority","Round Rock Housing Authority","Round Rock Housing Authority","1","organization","round-rock-housing-authority","512-255-3702","","https://puenteatx.org","Replace with a specific, self-contained service title.",""
"title_duplicates_organization","published","aba8c2dc-e950-4c8f-88cb-fac97c7d2768","Society of St. Vincent de Paul","Society of St. Vincent de Paul","Society of St. Vincent de Paul","1","organization","society-of-st-vincent-de-paul-society-of-st-vincent-de-paul","","https://austinsvdp.info/","https://austinsvdp.info/","Replace with a specific, self-contained service title.",""
"title_duplicates_organization","published","c65384a6-0859-4ba8-8c8b-aba0aff5fc07","St. Austin Catholic Parish, Newman Hall Rent and utility assistance","St. Austin Catholic Parish, Newman Hall, Ayuda para el alquiler y los servicios públicos.","St. Austin Catholic Parish, Newman Hall Rent and utility assistance","1","organization","st-austin-catholic-parish-newman-hall-rent-and-utility-assistance-st-austin-catholic-parish-newman-hall-rent-a","512-477-1589","https://www.staustin.org/get-help#Outreach%20for%20Austin","https://www.staustin.org/get-help#Outreach%20for%20Austin","Replace with a specific, self-contained service title.",""
"title_duplicates_organization","published","c3fa79c2-8092-4bd6-9e5b-dff2f71ca79c","St. George’s Senior Housing","St. George’s Court Apartments","St. George’s Senior Housing","1","organization","st-george-s-senior-housing-st-george-s-senior-housing","512-459-8285","https://www.stgeorgescourt.org/","https://www.stgeorgescourt.org/","Replace with a specific, self-contained service title.",""
"title_duplicates_organization","published","d77a2e01-6c7d-41bd-aaca-886b552cc7ec","St. Louise House","St. Louise House","St. Louise House","1","organization","st-louise-house-st-louise-house","512-333-1659","http://saintlouisehouse.org/services/#housing-services","http://saintlouisehouse.org/services/#housing-services","Replace with a specific, self-contained service title.",""
"title_duplicates_organization","published","2c99f837-d066-4da3-888b-3103fae05249","Sunrise Homeless Navigation Center","Sunrise Homeless Navigation Center","Sunrise Homeless Navigation Center","1","organization","sunrise-homeless-navigation-center-sunrise-homeless-navigation-center","512-522-1097","https://sunrisenavigationcenter.org/get-help","https://sunrisenavigationcenter.org/get-help","Replace with a specific, self-contained service title.",""
"title_duplicates_organization","published","ce5651d2-ee8b-4a6c-9611-9481118421d0","Taylor Housing Authority","Taylor Housing Authority","Taylor Housing Authority","1","organization","taylor-housing-authority","512-352-3231","","https://puenteatx.org","Replace with a specific, self-contained service title.",""
"title_duplicates_organization","published","45d1f506-6093-411c-93f6-3e766cd8c226","Texas Legal Services Center","Texas Legal Services Center","Texas Legal Services Center","1","organization","texas-legal-services-center-texas-legal-services-center","","https://www.tlsc.org/","https://www.tlsc.org/","Replace with a specific, self-contained service title.",""
"title_duplicates_organization","published","5f2c362a-438a-4f1a-9a7e-f5d76a092c3b","The Goodwill Career and Technical Academy","Goodwill Career and Technical Academy","The Goodwill Career and Technical Academy","1","organization","the-goodwill-career-and-technical-academy-the-goodwill-career-and-technical-academy","512-637-7131","https://www.goodwillcentraltexas.org/programs-and-services/find-a-job/how-to-enroll/","https://www.goodwillcentraltexas.org/programs-and-services/find-a-job/how-to-enroll/","Replace with a specific, self-contained service title.",""
"title_duplicates_organization","published","ab4f146b-6be9-4bde-93ea-072903bfeb76","Travis County Utility Assistance","Travis County Community Centers","Travis County Utility Assistance","1","organization","travis-county-utility-assistance-travis-county-utility-assistance","","https://www.traviscountytx.gov/health-human-services/community-centers","https://www.traviscountytx.gov/health-human-services/community-centers","Replace with a specific, self-contained service title.",""
"title_duplicates_organization","published","e0d9758c-a1a5-40d4-8cef-a4fe70121dec","Trinity Center","Trinity Center","Trinity Center","1","organization","trinity-center-trinity-center","512-610-3520","https://www.trinitycenteraustin.org/programs","https://www.trinitycenteraustin.org/programs","Replace with a specific, self-contained service title.",""
"title_duplicates_organization","published","cb14b8fd-d05f-4d23-bfdb-30ebbe0abaa6","UPLift @ University Presbyterian Church","UPLift @ University Presbyterian Church","UPLift @ University Presbyterian Church","1","organization","uplift-university-presbyterian-church-uplift-university-presbyterian-church","512-476-5321 ext. 114","https://upcaustin.org/directions-and-parking","https://upcaustin.org/directions-and-parking","Replace with a specific, self-contained service title.",""
"title_duplicates_organization","published","636abf06-f27e-465f-a084-db2dec7f7fc5","Waterloo Counseling","Waterloo Counseling","Waterloo Counseling","1","organization","waterloo-counseling-waterloo-counseling","","https://www.waterloocounseling.org/services","https://www.waterloocounseling.org/services","Replace with a specific, self-contained service title.",""
"title_duplicates_organization","published","c8dbfac7-9f96-46ce-9968-5f58ebec7f72","Workforce Solutions Rural Capital Area","Workforce Solutions Rural Capital Area","Workforce Solutions Rural Capital Area","1","organization","workforce-solutions-rural-capital-area-williamson","","https://workforcesolutionsrca.com/","https://workforcesolutionsrca.com/","Replace with a specific, self-contained service title.",""
"title_duplicates_organization","published","e6f92c60-4b28-411d-9ec3-2a7d6beb32fd","Yellow House Foundation","Yellow House Foundation","Yellow House Foundation","1","organization","yellow-house-foundation","737-287-4035","https://www.yhfoundation.org/","https://www.yhfoundation.org/","Replace with a specific, self-contained service title.",""
