priority,organization,canonical_id,canonical_status,canonical_slug,duplicate_id,duplicate_status,duplicate_slug,action,merge_fields,rationale,verification_status
1,Emancipet,464ffcb3-0fc6-46e9-8613-e581d1f31fa9,draft,emancipet-community-support-williamson,01b8f252-fb13-4e2e-89a0-1e19c232304a,archived,emancipet-community-support-travis,merge_and_archive_completed,"service_areas, official source, current contact and access details","One regional mobile veterinary program was split artificially by county.",verified_after_archive
1,Smithville Food Pantry,03df7d5f-d3a9-4b7a-b646-a823f882ca6c,draft,despensa-de-alimentos-de-smithville-smithville-food-pantry,af195d84-6d3f-4d0e-b23e-628f9fd5c21f,archived,smithville-food-pantry-bastrop,archive_completed,"none after canonical correction","Same pantry and current 301 Lee Street location; newer duplicate adds no unique program.",verified_after_archive
1,Smithville Food Pantry,03df7d5f-d3a9-4b7a-b646-a823f882ca6c,draft,despensa-de-alimentos-de-smithville-smithville-food-pantry,2e78983e-6aaf-4d0e-b23e-628f9fd5c21f,archived,smithville-food-pantry-bastrop-2,archive_completed,"none; do not copy outdated address or phone","Same pantry with outdated 107 SW 2nd Avenue address and phone.",verified_after_archive
1,Travis County Family Support Services (Palm Square Office),4d1f40fa-609d-4b0a-adc5-f718f1c0671c,draft,travis-county-family-support-services-palm-square-office-housing-and-financial-assistance,b35f5257-dbc8-4392-a79e-634d45ff7f20,archived,travis-county-family-support-services-palm-square-office-health-and-personal-support-travi,merge_and_archive_completed,"requirements, identification documents, hours","The Social Security wording describes an application document requirement rather than a distinct benefits program.",verified_after_archive
1,Travis County Family Support Services (Palm Square Office),4d1f40fa-609d-4b0a-adc5-f718f1c0671c,draft,travis-county-family-support-services-palm-square-office-housing-and-financial-assistance,f6daf9c2-3ab7-4f6e-a230-55c4d0dc51e1,archived,travis-county-family-support-services-palm-square-office-housing-and-financial-assistance-2,merge_and_archive_completed,"complete financial-assistance description, requirements, documents, hours","Corrective import created a second copy instead of updating the existing financial-assistance resource.",verified_after_archive
1,Travis County Family Support Services (Palm Square Office),4d1f40fa-609d-4b0a-adc5-f718f1c0671c,draft,travis-county-family-support-services-palm-square-office-housing-and-financial-assistance,6a0373df-218e-47c9-9f8d-bf443628b4ec,archived,travis-county-family-support-services-palm-square-office-housing-and-financial-assistance-3,merge_and_archive_completed,"any verified financial-assistance details not already present","Same source material was misnamed and created a third suffixed slug.",verified_after_archive
1,Lone Star Circle of Care,84e753f7-023c-4527-9a6b-1e8e6871f1dc,published,lone-star-circle-of-care-at-jonestown-lone-star-circle-of-care,e9df9255-f85a-4825-82f7-942cbfa80c80,archived,lone-star-circle-of-care-health-and-personal-support-williamson,archive_completed,"none","Draft is semantically corrupt: title says veterinary care while its description is human medical care already represented by published resources.",verified_after_archive
1,The Caring Place,TBD,published,TBD,e08c38bb-68d1-4e33-a13d-5caa34490dc2,archived,the-caring-place-williamson,archive_completed,"none unless a verified field is newer","Generic recent pantry draft overlaps published resources; choose the published canonical only after usage/reference review.",verified_after_archive
1,Round Rock Area Serving Center,TBD,published,TBD,3d145c3f-d4df-4aa3-becc-ae02acd55ac2,archived,round-rock-area-serving-center-round-rock,archive_completed,"none unless a verified field is newer","Generic recent pantry draft overlaps two published resources.",verified_after_archive
1,Hill Country Community Ministries,TBD,published,TBD,0a694ac2-0ba4-49dd-8c00-ed099b63f9fe,archived,hill-country-community-ministries-williamson,archive_completed,"none unless a verified field is newer","Generic recent pantry draft overlaps published resources.",verified_after_archive
1,Hutto Resource Center,4fcd375f-c87d-4f8d-98a5-b6e7d9486ed5,published,hutto-resource-center,bd5ea969-5ec3-4ba9-a2c1-46078ce1f874,archived,hutto-resource-center-williamson,archive_completed,"none","Published resource already covers food and additional assistance more completely.",verified_after_archive
1,Lake Travis Crisis Ministries,eed8e03b-41f3-4f79-97af-9221116028b2,published,lake-travis-crisis-ministries-lake-travis-crisis-ministries,0f372b08-5709-4171-a1b9-812ad3f9c428,archived,lake-travis-crisis-ministries-lakeway,archive_completed,"none; do not copy conflicting address","Generic draft overlaps the published resource and contains a conflicting likely incorrect address.",verified_after_archive
1,Hope Alliance,fbb60027-51bd-418d-ace5-5484e3fb16e7,published,hope-alliance-survivor-services,686c43d9-9cd1-45cb-9578-788c651d33c5,archived,hope-alliance-community-support-williamson,archive_completed,"none unless newly verified eligibility is unique","Published survivor-support resource is broader and represents the same access path.",verified_after_archive
1,Assurance Wireless,a274668c-d7e9-41d3-9a4d-db1971210089,published,assurance-wireless-mobile-phone-program,1367ed4f-c652-45c6-8d62-8a921ec90ff7,archived,assurance-wireless-community-support-williamson,merge_and_archive_completed,"current plan, eligibility, contact, service area","Same Lifeline program; the published record was updated from the current official plan before consolidation.",verified_after_archive
1,Cedar Creek United Methodist Church,ec30a4a3-60cf-4a17-bdbe-b2098131d48a,draft,despensa-de-la-iglesia-metodista-unida-de-cedar-creek-cedar-creek-united-methodist-church,4373e6a6-5522-4535-9164-e035461f5632,archived,cedar-creek-united-methodist-church-bastrop,archive_completed,"none unless newer source evidence exists","Older draft is more detailed and includes the official website and service address.",verified_after_archive
1,Catholic Charities of Central Texas,81aed914-dad6-4fe4-b48c-c92c60037606,published,catholic-charities-of-central-texas-catholic-charities-of-central-texas,4fa07766-4db1-4f71-b049-5357ed2440c7,archived,catholic-charities-of-central-texas-housing-and-financial-assistance-travis,merge_and_archive_completed,"current application process and supported assistance types","Utility, rent, and mortgage assistance belong to the published financial-stability program; other Catholic Charities programs remain separate.",verified_after_archive
1,Central Texas Food Bank,71ef5708-40b2-46e5-b632-07f876b68844,published,central-texas-food-bank-food-distribution,95209f5c-1c62-4c7f-9bed-7231390ae61b,archived,central-texas-food-bank-travis,archive_completed,"none","Generic pantry draft overlaps published food distribution; senior and mobile-location programs remain separate.",verified_after_archive
2,Gonzales Christian Assistance Ministry,a2dbb0c5-89a4-4127-a6c4-3e68a03231ea,draft,gonzales-christian-assistance-ministry-gonzales,42a2c3dc-55aa-4346-8a61-0c5b7dfa3794,archived,gonzales-christian-assistance-ministry-housing-and-financial-assistance-gonzales,merge_and_archive_completed,"current food, essential-items, and limited utility-assistance information","Current sources support one shared access point; outdated unconfirmed claims about rent, medication, and gas were removed.",verified_after_archive
