source_row,organization_name,title_es,title_en,source_status,category_label,recovery_status,recommendation,missing_or_risk,official_source,importer_ready
"2","Williamson County","Servicios para Adultos Mayores del Condado de Williamson","Williamson County Senior Services","draft","Otros recursos","recovered_from_prior_import","manual_verification_required","last_verified_at | contenido o cobertura no confirmados","https://wilcotx.gov/1459/Senior-Services","no"
"3","Travis County Health and Human Services","engAGE Travis County","engAGE Travis County","draft","Otros recursos","recovered_from_prior_import","manual_verification_required","last_verified_at","https://traviscountytx.gov/health-human-services/engagetraviscounty","no"
"4","Bastrop Community Senior Center","Centro Comunitario de Ancianos de Bastrop","Bastrop Community Senior Center","draft","Otros recursos","recovered_from_prior_import","manual_verification_required","last_verified_at | in_person_address","https://bastropcommunityseniorcenter.org","no"
"5","Ciudad de Lockhart","Centro de Actividades para Ancianos del Área de Lockhart","Lockhart Area Senior Citizen Activity Center","draft","Otros recursos","recovered_from_prior_import","manual_verification_required","source_url | last_verified_at | in_person_address","","no"
"6","Community Action Inc. of Central Texas","Centro de Ancianos San Marcos (San Marcos Senior Citizens Center)","San Marcos Senior Citizens Center","draft","Otros recursos","recovered_from_prior_import","manual_verification_required","last_verified_at","https://communityaction.com/sanmarcosseniorcitizenscenter","no"
"7","Community Action Inc. of Central Texas","Asistencia con Servicios Públicos — Community Action Inc. (Hays/Caldwell/Blanco)","Utility Assistance — Community Action Inc. (Hays/Caldwell/Blanco)","draft","Recursos financieros","recovered_from_prior_import","manual_verification_required","last_verified_at | contenido o cobertura no confirmados","https://communityaction.com/utilityassistance","no"
"8","Opportunities for Williamson & Burnet Counties","Asistencia con Servicios Públicos — OWBC (Williamson/Burnet)","Utility Assistance — OWBC (Williamson/Burnet)","draft","Recursos financieros","recovered_from_prior_import","manual_verification_required","last_verified_at","https://owbc-tx.org/community-services/","no"
"9","Travis County Health and Human Services","Asistencia con Servicios Públicos del Condado de Travis (CEAP)","Travis County Utility Assistance (CEAP)","draft","Recursos financieros","recovered_from_prior_import","manual_verification_required","last_verified_at","https://traviscountytx.gov/health-human-services/apply-for-assistance/utility-assistance","no"
"10","Texas Department of Family and Protective Services (DFPS)","Servicios de Protección para Adultos de Texas (APS) — Línea Estatal","Texas Adult Protective Services (APS) — Statewide Intake","draft","Otros recursos","recovered_from_prior_import","manual_verification_required","last_verified_at","https://dfps.texas.gov/adult_protection","no"
"11","Travis Central Appraisal District (y distritos equivalentes en cada condado)","Exención de Impuestos Homestead 65+ (Distrito de Tasación)","Over-65 Homestead Tax Exemption (Appraisal District)","draft","Vivienda","recovered_from_prior_import","manual_verification_required","last_verified_at | in_person_address","https://traviscad.org/forms","no"
"12","Volunteer Legal Services of Central Texas","Volunteer Legal Services of Central Texas (VLSoCT)","Volunteer Legal Services of Central Texas (VLSoCT)","draft","Ayuda legal","recovered_from_prior_import","manual_verification_required","last_verified_at | contenido o cobertura no confirmados","https://vlsoct.org","no"
"13","Texas Legal Services Center","Línea Legal Directa para Texanos (Texas Legal Services Center)","Legal Hotline for Texans (Texas Legal Services Center)","draft","Ayuda legal","recovered_from_prior_import","manual_verification_required","last_verified_at","https://tlsc.org/seniors","no"
"14","Drive a Senior Central Texas","Drive a Senior (Central Texas)","Drive a Senior (Central Texas)","draft","Transporte","recovered_from_prior_import","manual_verification_required","last_verified_at","https://driveasenior.org","no"
"15","CARTS","CARTS (Capital Area Rural Transportation System)","CARTS (Capital Area Rural Transportation System)","draft","Transporte","recovered_from_prior_import","manual_verification_required","last_verified_at | posible contradicción de costo","https://ridecarts.com","no"
"16","Capital Metropolitan Transportation Authority (CapMetro)","CapMetro Access","CapMetro Access","draft","Transporte","recovered_from_prior_import","manual_verification_required","last_verified_at","https://capmetro.org/access","no"
"17","Texas Health and Human Services Commission","2-1-1 Texas (HHSC)","2-1-1 Texas (HHSC)","draft","Recursos financieros","recovered_from_prior_import","manual_verification_required","last_verified_at","https://211texas.org","no"
"18","Area Agency on Aging of the Capital Area (CAPCOG) / Texas HHSC","Programa de Consejería de Beneficios / HICAP de Texas — vía AAACAP","Texas Benefits Counseling / HICAP — via AAACAP","draft","Salud","recovered_from_prior_import","manual_verification_required","last_verified_at","https://capcog.org/divisions/area-agency-on-aging/benefit-counseling-medicare-open-enrollment/","no"
"19","Central Texas Food Bank","Central Texas Food Bank — Programas para Adultos Mayores (CSFP y HOPE)","Central Texas Food Bank — Senior Programs (CSFP and HOPE)","draft","Comida","recovered_from_prior_import","manual_verification_required","last_verified_at","https://centraltexasfoodbank.org/get-help/help-seniors","no"
"20","Combined Community Action, Inc.","Meals on Wheels Rural Capital Area","Meals on Wheels Rural Capital Area","draft","Comida","recovered_from_prior_import","manual_verification_required","last_verified_at | in_person_address","https://ccaction.com/meals-on-wheels-rural-capital-area","no"
"21","Opportunities for Williamson & Burnet Counties","Opportunities for Williamson & Burnet Counties (OWBC) — Meals on Wheels","Opportunities for Williamson & Burnet Counties (OWBC) — Meals on Wheels","draft","Comida","recovered_from_prior_import","manual_verification_required","last_verified_at","https://owbc-tx.org","no"
"22","Meals on Wheels Central Texas","Meals on Wheels Central Texas (MOWCT)","Meals on Wheels Central Texas (MOWCT)","draft","Comida","recovered_from_prior_import","manual_verification_required","last_verified_at","https://mealsonwheelscentraltexas.org","no"
"23","Family Eldercare","Family Eldercare","Family Eldercare","draft","Otros recursos","recovered_from_prior_import","manual_verification_required","last_verified_at","https://familyeldercare.org","no"
"24","Alzheimer's Texas","Alzheimer's Texas — Apoyo a Cuidadores","Alzheimer's Texas — Caregiver Support","draft","Otros recursos","recovered_from_prior_import","manual_verification_required","last_verified_at","https://txalz.org","no"
"25","AGE of Central Texas","AGE of Central Texas — Servicios para Cuidadores","AGE of Central Texas — Caregiver Services","draft","Otros recursos","recovered_from_prior_import","manual_verification_required","last_verified_at","https://ageofcentraltx.org","no"
"26","Capital Area Council of Governments (CAPCOG)","Agencia de Área sobre el Envejecimiento del Área Capital (AAACAP) / ADRC — CAPCOG","Area Agency on Aging of the Capital Area (AAACAP) / ADRC — CAPCOG","draft","Otros recursos","recovered_from_prior_import","manual_verification_required","last_verified_at","https://capcog.org/divisions/area-agency-on-aging/","no"
"27","University of Texas Rio Grande Valley (UTRGV) / U.S. Small Business Administration","Centro de Asistencia para Negocios de Veteranos (VBOC) – UTRGV","Veterans Business Outreach Center (VBOC) – UTRGV","draft","Educación","recovered_from_prior_import","manual_verification_required","last_verified_at","https://utrgv.edu/vboc","no"
"28","Caldwell County","Servicios para Veteranos del Condado de Caldwell","Caldwell County Veterans Services","draft","Recursos financieros","recovered_from_prior_import","manual_verification_required","last_verified_at","https://co.caldwell.tx.us/page/Veterans","no"
"29","Texas Veterans Commission","Comisión de Veteranos de Texas — Representantes de Reclamos de VA","Texas Veterans Commission — VA Claims Representatives","draft","Otros recursos","recovered_from_prior_import","manual_verification_required","last_verified_at","https://tvc.texas.gov/claims/","no"
"30","Meals for Vets","Meals for Vets (Comidas para Veteranos)","Meals for Vets","draft","Comida","recovered_from_prior_import","manual_verification_required","last_verified_at","https://mealsforvets.org","no"
"31","OP Veteran","OP Veteran","OP Veteran","draft","Otros recursos","recovered_from_prior_import","manual_verification_required","last_verified_at | in_person_address","https://opveteran.org","no"
"32","Heroes Night Out","Heroes Night Out / Centro de Recursos Heroes","Heroes Night Out / Heroes Resource Center","draft","Otros recursos","recovered_from_prior_import","manual_verification_required","last_verified_at","https://heroesresourcecenter.org","no"
"33","Bastrop County","Oficina de Servicios para Veteranos del Condado de Bastrop","Bastrop County Veterans Service Office","draft","Recursos financieros","recovered_from_prior_import","manual_verification_required","last_verified_at","https://bastropcounty.gov/page/co.veteran_services","no"
"34","Catholic Charities of Central Texas","Caridades Católicas de Central Texas – Servicios para Veteranos St. Michael's","Catholic Charities of Central Texas – St. Michael's Veteran Services","draft","Recursos financieros","recovered_from_prior_import","manual_verification_required","last_verified_at","https://ccctx.org/st-michaels-veteran-services/","no"
"35","Hays County","Servicios para Veteranos del Condado de Hays","Hays County Veterans Services","draft","Recursos financieros","recovered_from_prior_import","manual_verification_required","last_verified_at | contenido o cobertura no confirmados","https://hayscountytx.gov/veterans-services","no"
"36","U.S. Department of Veterans Affairs (VA Central Texas)","Clínica VA de Cedar Park","Cedar Park VA Clinic","draft","Salud","recovered_from_prior_import","manual_verification_required","last_verified_at","https://va.gov/central-texas-health-care/locations/cedar-park-va-clinic/","no"
"37","Williamson County","Servicios para Veteranos del Condado de Williamson","Williamson County Veteran Services","draft","Recursos financieros","recovered_from_prior_import","manual_verification_required","last_verified_at","https://wilcotx.gov/785/Veteran-Services","no"
"38","U.S. Department of Veterans Affairs (VHA)","Programa de Alcance de Justicia para Veteranos – Central Texas","VA Veterans Justice Outreach – Central Texas","draft","Ayuda legal","recovered_from_prior_import","manual_verification_required","last_verified_at","https://department.va.gov/homeless/veterans-justice-programs/veterans-justice-outreach/vjo-contacts/","no"
"39","U.S. Department of Veterans Affairs (VA Central Texas)","Atención para Veteranos sin Hogar de VA Central Texas","VA Central Texas Homeless Veteran Care","draft","Vivienda","recovered_from_prior_import","manual_verification_required","last_verified_at","https://va.gov/central-texas-health-care/health-services/homeless-veteran-care/","no"
"40","Travis County","Servicios para Veteranos del Condado de Travis","Travis County Veterans Services","draft","Recursos financieros","recovered_from_prior_import","manual_verification_required","last_verified_at","https://traviscountytx.gov/veterans-services","no"
"41","U.S. Department of Veterans Affairs (VA Central Texas Healthcare System)","Clínica VA de Austin","Austin VA Clinic","draft","Salud","recovered_from_prior_import","manual_verification_required","last_verified_at","https://va.gov/central-texas-health-care/locations/austin-va-clinic/","no"
"42","Bastrop County Clerk","Bastrop County Clerk","Bastrop County Clerk","draft","Recursos financieros","dashboard_inventory_only","approve_rebuild","Servicio oficial verificable de registros, matrimonio, vitales, probate y misdemeanors; reconstruir con fuente oficial.","","see approved-subset.csv"
"43","Travis County Sheriff's Office","Travis County Sheriff's Office","Travis County Sheriff's Office","draft","Ayuda legal","dashboard_inventory_only","exclude","Entrada institucional demasiado amplia; no identifica un servicio comunitario concreto y puede confundirse con emergencias o despacho policial.","","no"
"44","Thurman-Blackwell Criminal Justice Center","Thurman-Blackwell Criminal Justice Center","Thurman-Blackwell Criminal Justice Center","draft","Ayuda legal","dashboard_inventory_only","exclude","Es un edificio judicial, no un servicio independiente. Las funciones útiles deben representarse mediante la división responsable.","","no"
"45","Transportation & Natural Resources (TNR)","Transportation & Natural Resources (TNR)","Transportation & Natural Resources (TNR)","draft","Vivienda","dashboard_inventory_only","exclude","Departamento genérico; debe dividirse por programa o asistencia específica antes de publicarse.","","no"
"46","Travis County Domestic Relations (Child Support)","Travis County Domestic Relations (Child Support)","Travis County Domestic Relations (Child Support)","draft","Ayuda legal","dashboard_inventory_only","approve_rebuild","Servicio oficial y accionable de child support, enforcement y visitation; reconstruir con contacto oficial.","","see approved-subset.csv"
"47","Travis County District Clerk","Travis County District Clerk – Divorcios","Travis County District Clerk – Divorces","draft","Ayuda legal","dashboard_inventory_only","approve_rebuild","La división Civil/Family mantiene casos de divorcio; reconstruir con alcance y advertencia de que no brinda asesoría legal.","","see approved-subset.csv"
"48","Travis County District Clerk","Travis County District Clerk – Jurado y Pasaportes","Travis County District Clerk – Jury and Passports","draft","Ayuda legal","dashboard_inventory_only","approve_rebuild","Oficina oficial con dirección y contacto propios; reconstruir como servicio de jurado y pasaportes.","","see approved-subset.csv"
"49","Travis County District Clerk","Travis County District Clerk – Principal","Travis County District Clerk – Main","draft","Ayuda legal","dashboard_inventory_only","exclude","Duplica las entradas específicas y no comunica una ayuda concreta.","","no"
"50","Travis County Law Library","Travis County Law Library","Travis County Law Library","draft","Ayuda legal","dashboard_inventory_only","approve_rebuild","Servicio público verificable con formularios y orientación para personas sin abogado.","","see approved-subset.csv"
"51","Travis County Tax Office","Travis County Tax Office","Travis County Tax Office","draft","Recursos financieros","dashboard_inventory_only","approve_rebuild","Servicio público verificable para impuestos, pagos, recibos y planes; reconstruir con alcance explícito.","","see approved-subset.csv"
"52","Travis County Clerk's Office","Travis County Clerk's Office – División Civil","Travis County Clerk's Office – Civil Division","draft","Ayuda legal","dashboard_inventory_only","approve_rebuild","División oficial con funciones, contacto y ubicación propios.","","see approved-subset.csv"
"53","Travis County Clerk's Office","Travis County Clerk's Office – División de Delitos Menores","Travis County Clerk's Office – Misdemeanor Division","draft","Ayuda legal","dashboard_inventory_only","approve_rebuild","División oficial con búsqueda y copias de registros de delitos menores.","","see approved-subset.csv"
"54","Travis County Clerk's Office","Travis County Clerk's Office – División de Sucesiones","Travis County Clerk's Office – Probate Division","draft","Ayuda legal","dashboard_inventory_only","approve_rebuild","División oficial de probate, guardianship y documentos relacionados.","","see approved-subset.csv"
"55","Travis County Clerk's Office","Travis County Clerk's Office – División de Registros","Travis County Clerk's Office – Recording Division","draft","Ayuda legal","dashboard_inventory_only","approve_rebuild","División oficial para registros de propiedad, assumed names y marriage licenses.","","see approved-subset.csv"
"56","Travis Central Appraisal District (TCAD)","Travis Central Appraisal District (TCAD)","Travis Central Appraisal District (TCAD)","draft","Recursos financieros","dashboard_inventory_only","approve_rebuild","La entrada genérica debe enfocarse en ayuda con homestead exemptions, un servicio accionable y gratuito.","","see approved-subset.csv"
"57","City of Austin Vital Statistics","City of Austin Vital Statistics","City of Austin Vital Statistics","draft","Salud","dashboard_inventory_only","approve_rebuild","Servicio oficial verificable para certificados de nacimiento y defunción; tiene elegibilidad, documentos y tarifas.","","see approved-subset.csv"
"58","Austin Water","Austin Water – Quejas por Descargas de Aguas Residuales","Austin Water – Open Sewage Complaints","draft","Vivienda","dashboard_inventory_only","approve_rebuild","Servicio oficial accionable para reportar desbordamientos y emergencias de agua/alcantarillado.","","see approved-subset.csv"
"59","Austin Water","Austin Water – Permisos e Inspecciones de Sistemas Sépticos","Austin Water – Septic Tank Permits/Inspections & Service Requests","draft","Vivienda","dashboard_inventory_only","approve_rebuild","Servicio oficial de OSSF; reconstruir con contacto y jurisdicción correctos.","","see approved-subset.csv"
"60","Austin Water","Austin Water – Protección del Agua, Residuos Industriales y Pozos","Austin Water – Water Protection, Industrial Waste Control & Water Wells","draft","Vivienda","dashboard_inventory_only","exclude","Combina tres programas regulatorios distintos, principalmente para negocios; debe separarse antes de considerarse.","","no"
"61","Austin Water","Austin Water – Servicio al Cliente / TAPS","Austin Water – Customer Service / TAPS","draft","Vivienda","dashboard_inventory_only","approve_rebuild","Puede publicarse como servicio al cliente de agua y aguas residuales con números separados para billing y emergencias.","","see approved-subset.csv"
"62","Austin Water","Austin Water – Principal / Waller Creek Center","Austin Water – Main / Waller Creek Center","draft","Vivienda","dashboard_inventory_only","exclude","Es una oficina/instalación genérica que duplica Customer Service.","","no"
"63","One Texas Center","One Texas Center","One Texas Center","draft","Vivienda","dashboard_inventory_only","exclude","Es un edificio municipal, no un recurso o programa.","","no"
"64","Austin Energy Facilities","Austin Energy Facilities","Austin Energy Facilities","draft","Vivienda","dashboard_inventory_only","exclude","Es una agrupación de instalaciones, no una ayuda concreta.","","no"
"65","City of Austin","City of Austin","City of Austin","draft","Ayuda legal","dashboard_inventory_only","exclude","Entrada institucional demasiado amplia; usar Austin 3-1-1 u otro servicio específico.","","no"
