"organization_name","title_es","title_en","summary_es","summary_en","description_es","description_en","slug","primary_category","additional_categories","keywords_es","keywords_en","languages","service_methods","cost_type","eligibility_es","eligibility_en","required_documents_es","required_documents_en","application_steps_es","application_steps_en","hours_es","hours_en","accessibility_notes_es","accessibility_notes_en","service_area_es","service_area_en","phone","sms_phone","whatsapp_phone","email","website_url","address_line_1","address_line_2","city","state","postal_code","county","latitude","longitude","source_url","is_featured","is_emergency","last_verified_at","verification_notes"
"Connect ATX","Navegación de recursos comunitarios","Community resource navigation","Utilice ConnectATX para encontrar información actualizada sobre alimentación, vivienda, transporte, cuidado infantil, clases para padres, capacitación laboral, vacuna COVID-19 y más.","Use ConnectATX to find up-to-date information on food, housing, transportation, child care, parenting classes, job training, COVID-19 vaccine, and more","Utilice ConnectATX para encontrar información actualizada sobre alimentación, vivienda, transporte, cuidado infantil, clases para padres, capacitación laboral, vacuna COVID-19 y más.","Use ConnectATX to find up-to-date information on food, housing, transportation, child care, parenting classes, job training, COVID-19 vaccine, and more","connect-atx-community-resource-navigation","otros-recursos","","Navegación de recursos comunitarios|Connect ATX","Community resource navigation|Connect ATX","en","phone|online","unknown","","","","","Comunícate con la organización para confirmar disponibilidad, requisitos y cómo solicitar el servicio.","Contact the organization to confirm availability, requirements, and how to request the service.","","","","","Austin y comunidades cercanas del Centro de Texas","Austin and surrounding Central Texas communities","833-512-2289","","","","https://www.unitedwayaustin.org/connectatx","","","","TX","","","","","https://www.unitedwayaustin.org/connectatx","false","false","","Convertido de “Resource List CMM Updated.docx” el 2026-08-10. Revisar los datos y la fuente oficial antes de publicar."
"El Buen Samaritano","Servicios de apoyo comunitario","Community support services","Proporciona muchos servicios.","Provides many services","Proporciona muchos servicios.","Provides many services","el-buen-samaritano-community-support-services","otros-recursos","","Servicios de apoyo comunitario|El Buen Samaritano","Community support services|El Buen Samaritano","en","in_person|phone|online","unknown","","","","","Comunícate con la organización para confirmar disponibilidad, requisitos y cómo solicitar el servicio.","Contact the organization to confirm availability, requirements, and how to request the service.","","","","","Austin, Condado de Travis","Austin, Travis County","512-439-8900","","","","https://elbuen.org/","7000 Woodhue Drive","","Austin","TX","78745","Travis","","","https://elbuen.org/","false","false","","Convertido de “Resource List CMM Updated.docx” el 2026-08-10. Revisar los datos y la fuente oficial antes de publicar."
"Sunrise Homeless Navigation Center","Orientación para personas sin hogar y apoyo para necesidades básicas","Homeless navigation and basic-needs support","centro de día HUB, asistencia alimentaria, pases de autobús, identificación de ServicePoint, correo, duchas (de 9 a. m. a 12 p. m.), higiene, armario de ropa, lavandería, laboratorio de computación/Wi-Fi, comida para mascotas, depósito de vivienda/desvíos de viaje, ayuda con identificación…","HUB day center, Food assistance, Bus Passes, ServicePoint ID, Mail, Showers (9a-12p), Hygiene, Clothing closet, Laundry, Computer lab/Wi-Fi, Pet food, Housing deposit/travel diversions, ID help, Coordinated Assessment (housing), Food Stamp signup; Integral Care, Medical Clinic (M/Th), MAP signup…","centro de día HUB, asistencia alimentaria, pases de autobús, identificación de ServicePoint, correo, duchas (de 9 a. m. a 12 p. m.), higiene, armario de ropa, lavandería, laboratorio de computación/Wi-Fi, comida para mascotas, depósito de vivienda/desvíos de viaje, ayuda con identificación, evaluación coordinada (vivienda), registro de cupones para alimentos; Atención Integral, Clínica Médica (lunes/jueves), inscripción MAP (martes/jueves), pruebas de VIH/ETS, reducción de daños, apoyo a la sobriedad.","HUB day center, Food assistance, Bus Passes, ServicePoint ID, Mail, Showers (9a-12p), Hygiene, Clothing closet, Laundry, Computer lab/Wi-Fi, Pet food, Housing deposit/travel diversions, ID help, Coordinated Assessment (housing), Food Stamp signup; Integral Care, Medical Clinic (M/Th), MAP signup (T/Th), HIV/STD tests, Harm reduction, Sobriety support.","sunrise-homeless-navigation-center-homeless-navigation-and-basic-needs-support","vivienda","comida|otros-recursos","Orientación para personas sin hogar y apoyo para necesidades básicas|Sunrise Homeless Navigation Center","Homeless navigation and basic-needs support|Sunrise Homeless Navigation Center","en","in_person|phone|online","unknown","","","","","Comunícate con la organización para confirmar disponibilidad, requisitos y cómo solicitar el servicio.","Contact the organization to confirm availability, requirements, and how to request the service.","Lun.- Vie. de 9:00 a 13:00 horas. La línea comienza a las 8:00 am y los servicios comienzan a las 9:00 am.","Mon.- Fri. from 9:00 am-1:00 pm. The line starts at 8:00 am and the services start at 9:00am.","","","Austin, Condado de Travis","Austin, Travis County","737-256-6926","","","","https://sunrisenavigationcenter.org/sunrise-wayfinder","4430 Menchaca Rd","","Austin","TX","78745","Travis","","","https://sunrisenavigationcenter.org/sunrise-wayfinder","false","false","","Convertido de “Resource List CMM Updated.docx” el 2026-08-10. Revisar los datos y la fuente oficial antes de publicar."
"Trinity Center at St. David's Episcopal Church","Servicios de orientación y necesidades básicas","Navigation and basic-needs services","Ven en persona/sin citas.","Come in person/no appointments.","Ven en persona/sin citas.","Come in person/no appointments.","trinity-center-at-st-david-s-episcopal-church-navigation-and-basic-needs-services","otros-recursos","comida|vivienda","Servicios de orientación y necesidades básicas|Trinity Center at St. David's Episcopal Church","Navigation and basic-needs services|Trinity Center at St. David's Episcopal Church","en","online","unknown","","","","","Comunícate con la organización para confirmar disponibilidad, requisitos y cómo solicitar el servicio.","Contact the organization to confirm availability, requirements, and how to request the service.","Centro de navegación/servicio, comidas, gestión de casos; documentos de identificación; Ayuda con recetas; Registro de SNAP/Cupones para Alimentos; Evaluación Coordinada (CA) - vivienda; Narcan, artículos de tocador, pases de autobús, asistencia de viaje limitada, ropa/duchas (lunes para mujeres, jueves para hombres); correo diario, teléfono, acceso a computadora, referencias de recursos. Lun. al viernes. 9 am -1 pm Domingo 3-4:30 pm","Navigation/service center, meals, case management; ID docs; Prescription Help; SNAP/Food Stamp Signup; Coordinated Assessment (CA) - housing; Narcan, toiletries, bus passes, limited travel assistance, clothes/showers (Mon. for women, Thu. for men); daily mail, phone, computer access, resource referrals. Mon. to Fri. 9 am -1 pm Sun 3-4:30 pm","","","Austin y comunidades cercanas del Centro de Texas","Austin and surrounding Central Texas communities","","","","","https://www.trinitycenteraustin.org/","","","","TX","","","","","https://www.trinitycenteraustin.org/","false","false","","Convertido de “Resource List CMM Updated.docx” el 2026-08-10. Revisar los datos y la fuente oficial antes de publicar."
"Austin Voices for Education and Youth (AVEY)","Apoyo del Centro de Recursos Familiares","Family Resource Center support","Este Centro de Recursos Familiares apoya a las familias con un niño matriculado en la Escuela Intermedia Burnet y la Escuela Primaria Cook que se encuentran en transición o crisis brindando administración de casos, apoyo, información y referencias a recursos comunitarios y escolares para padres.…","This Family Resource Center supports families with a child enrolled at Burnet Middle School and Cook Elementary School who are in transition or crisis by providing case management, support, information, and referrals to community and school resources for parents. During COVID-19, offices are closed…","Este Centro de Recursos Familiares apoya a las familias con un niño matriculado en la Escuela Intermedia Burnet y la Escuela Primaria Cook que se encuentran en transición o crisis brindando administración de casos, apoyo, información y referencias a recursos comunitarios y escolares para padres. Durante el COVID-19, las oficinas están cerradas, pero el personal trabaja de forma remota con los clientes. Los trabajadores sociales ayudan a promover la estabilidad familiar con servicios directos y/o referencias a: Necesidades básicas, incluyendo alimentos y ropa Acceso a servicios de salud y salud mental Asistencia para vivienda y alquiler Empleo Apoyo familiar Legal/Inmigración Educación para adultos como ESL, ABE, GED, computadoras, nutrición y clases para padres Asistencia para solicitar asistencia de servicios públicos, Austin Energy Plus 1 Asistencia para solicitar beneficios estatales como Medicaid, CH, IP y SNAP","This Family Resource Center supports families with a child enrolled at Burnet Middle School and Cook Elementary School who are in transition or crisis by providing case management, support, information, and referrals to community and school resources for parents. During COVID-19, offices are closed, but staff are working remotely with clients. Social workers help promote family stability with direct services and/or referrals to: Basic needs, including food and clothing Access to health and mental health services Housing and rental assistance Employment Family support Legal/Immigration Adult education such as ESL, ABE, GED, computers, nutrition, and parenting classes Assistance applying for utility assistanc,e Austin Energy Plus 1 Assistance applying for state benefits such as Medicaid, CH,IP and SNAP","austin-voices-for-education-and-youth-avey-family-resource-center-support","otros-recursos","educacion","Apoyo del Centro de Recursos Familiares|Austin Voices for Education and Youth (AVEY)","Family Resource Center support|Austin Voices for Education and Youth (AVEY)","en","online","unknown","","","","","Comunícate con la organización para confirmar disponibilidad, requisitos y cómo solicitar el servicio.","Contact the organization to confirm availability, requirements, and how to request the service.","","","","","Austin y comunidades cercanas del Centro de Texas","Austin and surrounding Central Texas communities","","","","","https://austinvoices.org/","","","","TX","","","","","https://austinvoices.org/","false","false","","Convertido de “Resource List CMM Updated.docx” el 2026-08-10. Revisar los datos y la fuente oficial antes de publicar."
"Lone Star Circle of Care","Servicios comunitarios de salud","Community health services","Servicios de salud varios, sin seguro médico.","Various health services, without health insurance","Servicios de salud varios, sin seguro médico.","Various health services, without health insurance","lone-star-circle-of-care-community-health-services","salud","","Servicios comunitarios de salud|Lone Star Circle of Care","Community health services|Lone Star Circle of Care","en","phone|online","unknown","","","","","Comunícate con la organización para confirmar disponibilidad, requisitos y cómo solicitar el servicio.","Contact the organization to confirm availability, requirements, and how to request the service.","","","","","Austin y comunidades cercanas del Centro de Texas","Austin and surrounding Central Texas communities","877-800-5722","","","yehernandez@lscctx.org","https://lonestarcares.org/","","","","TX","","","","","https://lonestarcares.org/","false","false","","Convertido de “Resource List CMM Updated.docx” el 2026-08-10. Revisar los datos y la fuente oficial antes de publicar."
"CommUnityCare","Servicios de salud primaria y especializada","Primary and specialty health services","La mayoría de nuestras ubicaciones brindan servicios de atención primaria, excepto unos pocos selectos que también incluyen especialidades y otros específicos de la salud de la mujer, administración de atención compleja y odontología. Ubicaciones alrededor de Austin, Travis y Bastrop","Most of our locations provide primary care services except for a select few that also include specialty and others specific to women’s health, complex care management, and dental. Locations around Austin, Travis & Bastrop","La mayoría de nuestras ubicaciones brindan servicios de atención primaria, excepto unos pocos selectos que también incluyen especialidades y otros específicos de la salud de la mujer, administración de atención compleja y odontología. Ubicaciones alrededor de Austin, Travis y Bastrop","Most of our locations provide primary care services except for a select few that also include specialty and others specific to women’s health, complex care management, and dental. Locations around Austin, Travis & Bastrop","communitycare-primary-and-specialty-health-services","salud","","Servicios de salud primaria y especializada|CommUnityCare","Primary and specialty health services|CommUnityCare","en","phone|online","unknown","","","","","Comunícate con la organización para confirmar disponibilidad, requisitos y cómo solicitar el servicio.","Contact the organization to confirm availability, requirements, and how to request the service.","","","","","Austin y comunidades cercanas del Centro de Texas","Austin and surrounding Central Texas communities","512-978-9015","","","","https://communitycaretx.org/services","","","","TX","","","","","https://communitycaretx.org/services","false","false","","Convertido de “Resource List CMM Updated.docx” el 2026-08-10. Revisar los datos y la fuente oficial antes de publicar."
"People's Community Clinic","Centro de Salud para Mujeres","Women’s Health Center","Varios servicios, no se necesita seguro médico.","Various services, no health insurance needed","Varios servicios, no se necesita seguro médico.","Various services, no health insurance needed","people-s-community-clinic-women-s-health-center","salud","","Centro de Salud para Mujeres|People's Community Clinic","Women’s Health Center|People's Community Clinic","en","in_person|phone|online","unknown","","","","","Comunícate con la organización para confirmar disponibilidad, requisitos y cómo solicitar el servicio.","Contact the organization to confirm availability, requirements, and how to request the service.","","","","","Austin, Condado de Travis","Austin, Travis County","512-478-4939","","","","https://www.austinpcc.org/","2909 North IH35","","Austin","TX","78722","Travis","","","https://www.austinpcc.org/","false","false","","Convertido de “Resource List CMM Updated.docx” el 2026-08-10. Revisar los datos y la fuente oficial antes de publicar."
"People's Community Clinic","Clínica comunitaria de salud","Community health clinic","Varios servicios, no se necesita seguro médico.","Various services, no health insurance needed","Varios servicios, no se necesita seguro médico.","Various services, no health insurance needed","people-s-community-clinic-community-health-clinic","salud","","Clínica comunitaria de salud|People's Community Clinic","Community health clinic|People's Community Clinic","en","in_person|phone|online","unknown","","","","","Comunícate con la organización para confirmar disponibilidad, requisitos y cómo solicitar el servicio.","Contact the organization to confirm availability, requirements, and how to request the service.","","","","","Austin, Condado de Travis","Austin, Travis County","512-478-4939","","","","https://www.austinpcc.org/","1101 Camino La Costa","","Austin","TX","78752","Travis","","","https://www.austinpcc.org/","false","false","","Convertido de “Resource List CMM Updated.docx” el 2026-08-10. Revisar los datos y la fuente oficial antes de publicar."
"Austin Public Health","Clínica de vacunación Far South","Far South Immunization Clinic","Vacunas gratuitas o de bajo costo.","Free or low-cost vaccinations","Vacunas gratuitas o de bajo costo.","Free or low-cost vaccinations","austin-public-health-far-south-immunization-clinic","salud","","Clínica de vacunación Far South|Austin Public Health","Far South Immunization Clinic|Austin Public Health","en","in_person|phone|online","free","","","","","Comunícate con la organización para confirmar disponibilidad, requisitos y cómo solicitar el servicio.","Contact the organization to confirm availability, requirements, and how to request the service.","","","","","Austin, Condado de Travis","Austin, Travis County","512-972-5520","","","","https://www.austintexas.gov/services/get-free-or-low-cost-vaccines","405 W. Stassney Lane","","Austin","TX","78745","Travis","","","https://www.austintexas.gov/services/get-free-or-low-cost-vaccines","false","false","","Convertido de “Resource List CMM Updated.docx” el 2026-08-10. Revisar los datos y la fuente oficial antes de publicar."
"Austin Public Health","Clínica de vacunación St. Johns","St. Johns Immunization Clinic","Vacunas gratuitas o de bajo costo.","Free or low-cost vaccinations","Vacunas gratuitas o de bajo costo.","Free or low-cost vaccinations","austin-public-health-st-johns-immunization-clinic","salud","","Clínica de vacunación St. Johns|Austin Public Health","St. Johns Immunization Clinic|Austin Public Health","en","in_person|phone|online","free","","","","","Comunícate con la organización para confirmar disponibilidad, requisitos y cómo solicitar el servicio.","Contact the organization to confirm availability, requirements, and how to request the service.","","","","","Austin, Condado de Travis","Austin, Travis County","512-972-5520","","","","https://www.austintexas.gov/services/get-free-or-low-cost-vaccines","7500 Blessing Avenue","","Austin","TX","78752","Travis","","","https://www.austintexas.gov/services/get-free-or-low-cost-vaccines","false","false","","Convertido de “Resource List CMM Updated.docx” el 2026-08-10. Revisar los datos y la fuente oficial antes de publicar."
"Lone Star Circle of Care","Mamografías móviles de The Big Pink Bus","The Big Pink Bus mobile mammography","Mamografía móvil del Big Pink Bus","The Big Pink Bus mobile mammography","Mamografía móvil del Big Pink Bus","The Big Pink Bus mobile mammography","lone-star-circle-of-care-the-big-pink-bus-mobile-mammography","salud","","Mamografías móviles de The Big Pink Bus|Lone Star Circle of Care","The Big Pink Bus mobile mammography|Lone Star Circle of Care","en","phone|online","unknown","","","","","Comunícate con la organización para confirmar disponibilidad, requisitos y cómo solicitar el servicio.","Contact the organization to confirm availability, requirements, and how to request the service.","","","","","Austin y comunidades cercanas del Centro de Texas","Austin and surrounding Central Texas communities","844-746-5287","","","bigpinkbus@lscctx.org","https://lonestarcares.org/service/mobile-mammography-big-pink-bus","","","","TX","","","","","https://lonestarcares.org/service/mobile-mammography-big-pink-bus","false","false","","Convertido de “Resource List CMM Updated.docx” el 2026-08-10. Revisar los datos y la fuente oficial antes de publicar."
"Ventanilla de Salud","Información de salud y servicios preventivos","Health information and preventive services","Nuestros servicios incluyen: Información sobre prevención de enfermedades Información sobre alimentación saludable Vacunas gratis Referencias para servicios de salud femenina, planificación familiar y pruebas de VIH Ayuda para buscar y aplicar a los seguros médicos Referencias sobre servicios…","Our services include: Information about disease prevention Information about healthy eating Free vaccinations Referrals for women's health services, family planning, and HIV testing Help searching and applying for health insurance Referrals about dental services, mental health, pregnancy, and…","Nuestros servicios incluyen: Información sobre prevención de enfermedades Información sobre alimentación saludable Vacunas gratis Referencias para servicios de salud femenina, planificación familiar y pruebas de VIH Ayuda para buscar y aplicar a los seguros médicos Referencias sobre servicios dentales, salud mental, embarazo y post parto Pruebas gratuitas de presión, glucosa, y colesterol Información sobre diabetes, cáncer, y enfermedades cardiovasculares","Our services include: Information about disease prevention Information about healthy eating Free vaccinations Referrals for women's health services, family planning, and HIV testing Help searching and applying for health insurance Referrals about dental services, mental health, pregnancy, and postpartum Free blood pressure, glucose, and cholesterol testing Information about diabetes, cancer, and cardiovascular diseases","ventanilla-de-salud-health-information-and-preventive-services","salud","","Información de salud y servicios preventivos|Ventanilla de Salud","Health information and preventive services|Ventanilla de Salud","es","in_person|phone","free","","","","","Comunícate con la organización para confirmar disponibilidad, requisitos y cómo solicitar el servicio.","Contact the organization to confirm availability, requirements, and how to request the service.","Horario de atención de 8:00 am a 1:00 pm lunes a viernes","Office hours from 8:00 am to 1:00 pm Monday to Friday","","","Austin, Condado de Travis","Austin, Travis County","512-478-2866 ext. 117","","","","","5202 E. Ben White blvd. #150","","Austin","TX","78741","Travis","","","","false","false","","Convertido de “Resource List CMM Updated.docx” el 2026-08-10. Revisar los datos y la fuente oficial antes de publicar."
"SABEResPODER","Beneficios de salud familiar PODERsalud","PODERsalud family health benefits","Ofrece beneficios de salud y bienestar para toda su familia inmediata. ¿Ya se quiere registrar? ¿ Tiene dudas? O visite: saberespoder.com/premium","Offers health and wellness benefits for your entire immediate family. Do you already want to register? Do you have doubts? Or visit: saberespoder.com/premium","Ofrece beneficios de salud y bienestar para toda su familia inmediata. ¿Ya se quiere registrar? ¿ Tiene dudas? O visite: saberespoder.com/premium","Offers health and wellness benefits for your entire immediate family. Do you already want to register? Do you have doubts? Or visit: saberespoder.com/premium","saberespoder-podersalud-family-health-benefits","salud","","Beneficios de salud familiar PODERsalud|SABEResPODER","PODERsalud family health benefits|SABEResPODER","es","phone|online","unknown","","","","","Comunícate con la organización para confirmar disponibilidad, requisitos y cómo solicitar el servicio.","Contact the organization to confirm availability, requirements, and how to request the service.","","","","","Austin y comunidades cercanas del Centro de Texas","Austin and surrounding Central Texas communities","213-267-5056","","","","http://saberespoder.com/premium","","","","TX","","","","","http://saberespoder.com/premium","false","false","","Convertido de “Resource List CMM Updated.docx” el 2026-08-10. Revisar los datos y la fuente oficial antes de publicar."
"Access Dental & Orthodontics","Servicios dentales y de ortodoncia","Dental and orthodontic services","$89 Exámenes, radiografías y limpieza sencilla Consultas gratuitas con consultores Consultas gratuitas sobre frenillos Comienzan por tan solo $99 de pago inicial y $99 al mes Servicio completo Odontología Odontología general Coronas | Puentes | Endodoncias y más... Implantes de odontología cosmética…","$89 Exams, X-Rays, & Simple Cleaning Free Consultapians Consultations Free Braces Consultations Start For As Low As $99 Down And $99/Month Full Service Dentistry General Dentistry Crowns | Bridges | Root Canals & More... Cosmetic Dentistry Implants | Whitening | Tooth Bonding Senior Dentistry…","$89 Exámenes, radiografías y limpieza sencilla Consultas gratuitas con consultores Consultas gratuitas sobre frenillos Comienzan por tan solo $99 de pago inicial y $99 al mes Servicio completo Odontología Odontología general Coronas | Puentes | Endodoncias y más... Implantes de odontología cosmética | Blanqueamiento | Prótesis dentales para personas mayores de unión dental | Extracciones | Y Más... Empastes en Odontología Pediátrica | Limpieza | Y más... Se aceptan la mayoría de los principales seguros Medicaid, CHIP, DPO, Medicare, PPO, Cash AccessDentalClinics.com","$89 Exams, X-Rays, & Simple Cleaning Free Consultapians Consultations Free Braces Consultations Start For As Low As $99 Down And $99/Month Full Service Dentistry General Dentistry Crowns | Bridges | Root Canals & More... Cosmetic Dentistry Implants | Whitening | Tooth Bonding Senior Dentistry Dentures | Extractions | And More... Pediatric Dentistry Fillings | Cleaning | And More... Most Major Insurance Accepted Medicaid, CHIP, DPO, Medicare, PPO, Cash AccessDentalClinics.com","access-dental-and-orthodontics-dental-and-orthodontic-services","salud","","Servicios dentales y de ortodoncia|Access Dental & Orthodontics","Dental and orthodontic services|Access Dental & Orthodontics","en","phone|online","free","","","","","Comunícate con la organización para confirmar disponibilidad, requisitos y cómo solicitar el servicio.","Contact the organization to confirm availability, requirements, and how to request the service.","","","","","Austin y comunidades cercanas del Centro de Texas","Austin and surrounding Central Texas communities","512-772-1480","","","","http://accessdentalclinics.com/","","","","TX","","","","","http://accessdentalclinics.com/","false","false","","Convertido de “Resource List CMM Updated.docx” el 2026-08-10. Revisar los datos y la fuente oficial antes de publicar."
"St. Edward's Community Counseling Clinic","Servicios comunitarios de consejería","Community counseling services","Brindar servicios de consejería a adultos, niños, adolescentes, parejas, familias y grupos.","Provide counseling services to adults, children, adolescents, couples, families, and groups","Brindar servicios de consejería a adultos, niños, adolescentes, parejas, familias y grupos.","Provide counseling services to adults, children, adolescents, couples, families, and groups","st-edward-s-community-counseling-clinic-community-counseling-services","salud","","Servicios comunitarios de consejería|St. Edward's Community Counseling Clinic","Community counseling services|St. Edward's Community Counseling Clinic","en","in_person|phone","unknown","","","","","Comunícate con la organización para confirmar disponibilidad, requisitos y cómo solicitar el servicio.","Contact the organization to confirm availability, requirements, and how to request the service.","","","","","Austin, Condado de Travis","Austin, Travis County","512-428-1242","","","counseling@stedwards.edu","","3001 S. Congress East Hall 153","","Austin","TX","78704","Travis","","","","false","false","","Convertido de “Resource List CMM Updated.docx” el 2026-08-10. Revisar los datos y la fuente oficial antes de publicar."
"Lirios Para Mental Health","Servicios bilingües de consejería","Bilingual counseling services","Servicios de asesoramiento bilingüe.","Bilingual counseling services","Servicios de asesoramiento bilingüe.","Bilingual counseling services","lirios-para-mental-health-bilingual-counseling-services","salud","","Servicios bilingües de consejería|Lirios Para Mental Health","Bilingual counseling services|Lirios Para Mental Health","es|en","in_person|phone|online","unknown","","","","","Comunícate con la organización para confirmar disponibilidad, requisitos y cómo solicitar el servicio.","Contact the organization to confirm availability, requirements, and how to request the service.","","","","","Austin, Condado de Travis","Austin, Travis County","512-502-5205","","","","https://www.liriospediatrics.org/services","4201 South Congress Avenue Ste 202","","Austin","TX","78745","Travis","","","https://www.liriospediatrics.org/services","false","false","","Convertido de “Resource List CMM Updated.docx” el 2026-08-10. Revisar los datos y la fuente oficial antes de publicar."
"Capital Area Counseling","Servicios de consejería asequibles","Affordable counseling services","Costo: Escala de $15 a $60/sesión según los ingresos; Terapia de grupo $5/sesión. Tipo de Apoyo: Consejería General (Individual, Parejas, Familia, Niños/Adolescentes, Grupos) Consejería Bilingüe (Inglés/Español)","Cost: Scale $15-60/session based on income; Group therapy $5/session. Type of Support: General Counseling (Individual, Couples, family, children/adolescents, Groups) Bilingual Counseling (English/Spanish)","Costo: Escala de $15 a $60/sesión según los ingresos; Terapia de grupo $5/sesión. Tipo de Apoyo: Consejería General (Individual, Parejas, Familia, Niños/Adolescentes, Grupos) Consejería Bilingüe (Inglés/Español)","Cost: Scale $15-60/session based on income; Group therapy $5/session. Type of Support: General Counseling (Individual, Couples, family, children/adolescents, Groups) Bilingual Counseling (English/Spanish)","capital-area-counseling-affordable-counseling-services","salud","","Servicios de consejería asequibles|Capital Area Counseling","Affordable counseling services|Capital Area Counseling","es|en","online","sliding_scale","","","","","Comunícate con la organización para confirmar disponibilidad, requisitos y cómo solicitar el servicio.","Contact the organization to confirm availability, requirements, and how to request the service.","","","","","Austin y comunidades cercanas del Centro de Texas","Austin and surrounding Central Texas communities","","","","info@cacaustin.org","https://cacaustin.org/","","","","TX","","","","","https://cacaustin.org/","false","false","","Convertido de “Resource List CMM Updated.docx” el 2026-08-10. Revisar los datos y la fuente oficial antes de publicar."
"LifeWorks","Consejería comunitaria","Community counseling","Costo: N/A (Consejería de salud mental asequible/gratuita en nuestra comunidad) Tipo de apoyo: Individuos y familias que luchan con problemas como conflictos familiares, abuso, trauma, ansiedad, depresión y el estrés de la vida cotidiana. Consejería Bilingüe (Inglés/Español)","Cost: N/A (Affordable/free mental health counseling in our community) Type of Support: Individuals and families who are struggling with issues such as family conflict, abuse, trauma, anxiety, depression, and the stress of everyday life. Bilingual Counseling (English/Spanish)","Costo: N/A (Consejería de salud mental asequible/gratuita en nuestra comunidad) Tipo de apoyo: Individuos y familias que luchan con problemas como conflictos familiares, abuso, trauma, ansiedad, depresión y el estrés de la vida cotidiana. Consejería Bilingüe (Inglés/Español)","Cost: N/A (Affordable/free mental health counseling in our community) Type of Support: Individuals and families who are struggling with issues such as family conflict, abuse, trauma, anxiety, depression, and the stress of everyday life. Bilingual Counseling (English/Spanish)","lifeworks-community-counseling","salud","","Consejería comunitaria|LifeWorks","Community counseling|LifeWorks","es|en","online","free","","","","","Comunícate con la organización para confirmar disponibilidad, requisitos y cómo solicitar el servicio.","Contact the organization to confirm availability, requirements, and how to request the service.","","","","","Austin y comunidades cercanas del Centro de Texas","Austin and surrounding Central Texas communities","","","","LWinfo@lifeworksaustin.org","https://www.lifeworksaustin.org/counseling","","","","TX","","","","","https://www.lifeworksaustin.org/counseling","false","false","","Convertido de “Resource List CMM Updated.docx” el 2026-08-10. Revisar los datos y la fuente oficial antes de publicar."
"Gramercy Specialty Clinic","Servicios bilingües de salud mental","Bilingual mental health services","Costo: Tipo de Apoyo: Consejería Bilingüe (Inglés/Español)","Cost: Type of Support: Bilingual Counseling (English/Spanish)","Costo: Tipo de Apoyo: Consejería Bilingüe (Inglés/Español)","Cost: Type of Support: Bilingual Counseling (English/Spanish)","gramercy-specialty-clinic-bilingual-mental-health-services","salud","","Servicios bilingües de salud mental|Gramercy Specialty Clinic","Bilingual mental health services|Gramercy Specialty Clinic","es|en","online","unknown","","","","","Comunícate con la organización para confirmar disponibilidad, requisitos y cómo solicitar el servicio.","Contact the organization to confirm availability, requirements, and how to request the service.","","","","","Austin y comunidades cercanas del Centro de Texas","Austin and surrounding Central Texas communities","","","","administrator@gramercyclinic.com","https://www.gramercyclinic.com/servicios-en-espanol.html","","","","TX","","","","","https://www.gramercyclinic.com/servicios-en-espanol.html","false","false","","Convertido de “Resource List CMM Updated.docx” el 2026-08-10. Revisar los datos y la fuente oficial antes de publicar."
"Austin Child Guidance Center","Terapia infantil y familiar","Child and family therapy","Costo: Tipo de Apoyo: Ofrecer terapia individual y familiar a niños de 0 a 17 años Consejería Bilingüe (Inglés/Español)","Cost: Type of Support: Offer individual and family therapy to children 0-17 years old Bilingual Counseling (English/Spanish)","Costo: Tipo de Apoyo: Ofrecer terapia individual y familiar a niños de 0 a 17 años Consejería Bilingüe (Inglés/Español)","Cost: Type of Support: Offer individual and family therapy to children 0-17 years old Bilingual Counseling (English/Spanish)","austin-child-guidance-center-child-and-family-therapy","salud","","Terapia infantil y familiar|Austin Child Guidance Center","Child and family therapy|Austin Child Guidance Center","es|en","phone|online","unknown","","","","","Comunícate con la organización para confirmar disponibilidad, requisitos y cómo solicitar el servicio.","Contact the organization to confirm availability, requirements, and how to request the service.","","","","","Austin y comunidades cercanas del Centro de Texas","Austin and surrounding Central Texas communities","512-451-2242","","","","https://www.austinchildguidance.org/what-we-do/our-services/individual-and-family-therapy.html","","","","TX","","","","","https://www.austinchildguidance.org/what-we-do/our-services/individual-and-family-therapy.html","false","false","","Convertido de “Resource List CMM Updated.docx” el 2026-08-10. Revisar los datos y la fuente oficial antes de publicar."
"Integral Care","Servicios de salud mental y uso de sustancias","Mental health and substance-use services","Ofrece servicios de salud mental, uso de sustancias y discapacidad intelectual y del desarrollo para familias, niños y adolescentes en Austin, Texas. Brindan consejería, apoyo en crisis, manejo de casos y programas de intervención temprana para promover el bienestar emocional y la estabilidad. Sus…","Provides mental health, substance use, and intellectual and developmental disability services to families, children, and adolescents in Austin, Texas. They provide counseling, crisis support, case management, and early intervention programs to promote emotional well-being and stability. Its services…","Ofrece servicios de salud mental, uso de sustancias y discapacidad intelectual y del desarrollo para familias, niños y adolescentes en Austin, Texas. Brindan consejería, apoyo en crisis, manejo de casos y programas de intervención temprana para promover el bienestar emocional y la estabilidad. Sus servicios están disponibles en inglés y español para garantizar el acceso a familias bilingües. 512-472-HELP (4357)","Provides mental health, substance use, and intellectual and developmental disability services to families, children, and adolescents in Austin, Texas. They provide counseling, crisis support, case management, and early intervention programs to promote emotional well-being and stability. Its services are available in English and Spanish to ensure access to bilingual families. 512-472-HELP (4357)","integral-care-mental-health-and-substance-use-services","salud","","Servicios de salud mental y uso de sustancias|Integral Care","Mental health and substance-use services|Integral Care","es|en","online","unknown","","","","","Comunícate con la organización para confirmar disponibilidad, requisitos y cómo solicitar el servicio.","Contact the organization to confirm availability, requirements, and how to request the service.","Lunes a viernes, de 8 a.m. a 5 p.m.","Monday to Friday, 8 a.m. to 5 p.m.","","","Austin y comunidades cercanas del Centro de Texas","Austin and surrounding Central Texas communities","","","","","https://integralcare.org/en/home-3","","","","TX","","","","","https://integralcare.org/en/home-3","false","false","","Convertido de “Resource List CMM Updated.docx” el 2026-08-10. Revisar los datos y la fuente oficial antes de publicar."
"Samaritan Center","Consejería para familias y adolescentes","Family and adolescent counseling","Ofrecen servicios de consejería familiar ayuda a mejorar la comprensión, la resolución de problemas y la resiliencia general de toda la familia.Tambien ofrecen servicios a adolescentes para recibir apoyo de diversas maneras, incluyendo ayuda para sanar de eventos traumáticos, expresar sus emociones…","They offer family counseling services to help improve understanding, problem-solving, and overall resilience for the entire family. They also offer services to adolescents to receive support in a variety of ways, including help healing from traumatic events, expressing their emotions, developing…","Ofrecen servicios de consejería familiar ayuda a mejorar la comprensión, la resolución de problemas y la resiliencia general de toda la familia.Tambien ofrecen servicios a adolescentes para recibir apoyo de diversas maneras, incluyendo ayuda para sanar de eventos traumáticos, expresar sus emociones, desarrollar habilidades para tomar decisiones y resolver problemas, formar relaciones sociales saludables y comunicar sus preocupaciones de manera más efectiva Para hacer una cita haz click aqui","They offer family counseling services to help improve understanding, problem-solving, and overall resilience for the entire family. They also offer services to adolescents to receive support in a variety of ways, including help healing from traumatic events, expressing their emotions, developing decision-making and problem-solving skills, forming healthy social relationships, and communicating their concerns more effectively. To make an appointment click here","samaritan-center-family-and-adolescent-counseling","salud","","Consejería para familias y adolescentes|Samaritan Center","Family and adolescent counseling|Samaritan Center","es","phone|online","unknown","","","","","Comunícate con la organización para confirmar disponibilidad, requisitos y cómo solicitar el servicio.","Contact the organization to confirm availability, requirements, and how to request the service.","","","","","Austin y comunidades cercanas del Centro de Texas","Austin and surrounding Central Texas communities","512-887-7720","","","","https://samaritan-center.org/services","","","","TX","","","","","https://samaritan-center.org/services","false","false","","Convertido de “Resource List CMM Updated.docx” el 2026-08-10. Revisar los datos y la fuente oficial antes de publicar."
"Opportunities for Williamson & Burnet Counties","Apoyo comunitario de manejo de casos","Community case-management support","Dulce Ramirez - Gerente de Caso - Líder de Equipo","Dulce Ramirez - Case Manager - Team Lead","Dulce Ramirez - Gerente de Caso - Líder de Equipo","Dulce Ramirez - Case Manager - Team Lead","opportunities-for-williamson-and-burnet-counties-community-case-management-support","otros-recursos","","Apoyo comunitario de manejo de casos|Opportunities for Williamson & Burnet Counties","Community case-management support|Opportunities for Williamson & Burnet Counties","en","in_person|phone","unknown","","","","","Comunícate con la organización para confirmar disponibilidad, requisitos y cómo solicitar el servicio.","Contact the organization to confirm availability, requirements, and how to request the service.","","","","","Georgetown, Condado de Williamson","Georgetown, Williamson County","737-667-4153","","","dramirez@owbc-tx.org","","604 High Tech Drive","","Georgetown","TX","78626","Williamson","","","","false","false","","Convertido de “Resource List CMM Updated.docx” el 2026-08-10. Revisar los datos y la fuente oficial antes de publicar."
"Foundation Communities","Programas de vivienda asequible","Affordable housing programs","Varios programas, incluida la vivienda asequible.","Various programs, including affordable housing","Varios programas, incluida la vivienda asequible.","Various programs, including affordable housing","foundation-communities-affordable-housing-programs","vivienda","","Programas de vivienda asequible|Foundation Communities","Affordable housing programs|Foundation Communities","en","phone|online","unknown","","","","","Comunícate con la organización para confirmar disponibilidad, requisitos y cómo solicitar el servicio.","Contact the organization to confirm availability, requirements, and how to request the service.","","","","","Austin y comunidades cercanas del Centro de Texas","Austin and surrounding Central Texas communities","512-447-2026","","","","https://foundcom.org/housing","","","","TX","","","","","https://foundcom.org/housing","false","false","","Convertido de “Resource List CMM Updated.docx” el 2026-08-10. Revisar los datos y la fuente oficial antes de publicar."
"Housing Authority of Travis County","Vivienda asequible","Affordable housing","Vivienda asequible 502 East Highland Mall Boulevard, Suite 106-B, Austin, TX 78752","Affordable Housing 502 East Highland Mall Boulevard, Suite 106-B, Austin, TX 78752","Vivienda asequible 502 East Highland Mall Boulevard, Suite 106-B, Austin, TX 78752","Affordable Housing 502 East Highland Mall Boulevard, Suite 106-B, Austin, TX 78752","housing-authority-of-travis-county-affordable-housing","vivienda","","Vivienda asequible|Housing Authority of Travis County","Affordable housing|Housing Authority of Travis County","en","phone|online","unknown","","","","","Comunícate con la organización para confirmar disponibilidad, requisitos y cómo solicitar el servicio.","Contact the organization to confirm availability, requirements, and how to request the service.","","","","","Austin y comunidades cercanas del Centro de Texas","Austin and surrounding Central Texas communities","512-854-8245","","","","https://hatctx.com/housing","","","","TX","","","","","https://hatctx.com/housing","false","false","","Convertido de “Resource List CMM Updated.docx” el 2026-08-10. Revisar los datos y la fuente oficial antes de publicar."
"Central Texas Food Bank","Distribución de alimentos","Food distribution","Distribución de alimentos","Food distribution","Distribución de alimentos","Food distribution","central-texas-food-bank-food-distribution","comida","","Distribución de alimentos|Central Texas Food Bank","Food distribution|Central Texas Food Bank","en","in_person|phone|online","unknown","","","","","Comunícate con la organización para confirmar disponibilidad, requisitos y cómo solicitar el servicio.","Contact the organization to confirm availability, requirements, and how to request the service.","","","","","Austin, Condado de Travis","Austin, Travis County","512-282-2111","","","","https://www.centraltexasfoodbank.org/","6500 Metropolis Drive","","Austin","TX","78744","Travis","","","https://www.centraltexasfoodbank.org/","false","false","","Convertido de “Resource List CMM Updated.docx” el 2026-08-10. Revisar los datos y la fuente oficial antes de publicar."
"Dolores Catholic Church","Despensa de alimentos","Food pantry","Despensas de alimentos","Food pantries","Despensas de alimentos","Food pantries","dolores-catholic-church-food-pantry","comida","","Despensa de alimentos|Dolores Catholic Church","Food pantry|Dolores Catholic Church","en","in_person|phone","unknown","","","","","Comunícate con la organización para confirmar disponibilidad, requisitos y cómo solicitar el servicio.","Contact the organization to confirm availability, requirements, and how to request the service.","","","","","Austin, Condado de Travis","Austin, Travis County","512-385-4333","","","","","1111 Montopolis Dr.","","Austin","TX","78741","Travis","","","","false","false","","Convertido de “Resource List CMM Updated.docx” el 2026-08-10. Revisar los datos y la fuente oficial antes de publicar."
"Farmshare Austin","Mercados móviles de alimentos","Mobile food markets","Diferentes ubicaciones en Austin","Different locations throughout Austin","Diferentes ubicaciones en Austin","Different locations throughout Austin","farmshare-austin-mobile-food-markets","comida","","Mercados móviles de alimentos|Farmshare Austin","Mobile food markets|Farmshare Austin","en","phone|online","unknown","","","","","Comunícate con la organización para confirmar disponibilidad, requisitos y cómo solicitar el servicio.","Contact the organization to confirm availability, requirements, and how to request the service.","Horario de atención: lunes, martes y jueves de 9 am a 2 pm. Miércoles y viernes de 8 a. m. a 6 p. m.","Operating Hours: Monday, Tuesday, and Thursday from 9 am2 pm. Wednesday and Friday8 amam-6pm","","","Austin y comunidades cercanas del Centro de Texas","Austin and surrounding Central Texas communities","512-553-6620","","","","https://www.farmshareaustin.org/mobile-markets","","","","TX","","","","","https://www.farmshareaustin.org/mobile-markets","false","false","","Convertido de “Resource List CMM Updated.docx” el 2026-08-10. Revisar los datos y la fuente oficial antes de publicar."
"Austin Baptist Chapel / Angel House Soup Kitchen","Comidas, duchas y ropa","Meals, showers and clothing","Desayuno en saco, almuerzo en saco, duchas y ropa de hombre Diariamente de 9:30 a 10:00 horas y de 11:00 a 12:30 horas. 908 E. César Chávez","Sack breakfast, sack lunch, showers, and men's clothing Daily from 9:30 to 10 a.m. and 11 a.m. to 12:30 p.m. 908 E. Cesar Chavez","Desayuno en saco, almuerzo en saco, duchas y ropa de hombre Diariamente de 9:30 a 10:00 horas y de 11:00 a 12:30 horas. 908 E. César Chávez","Sack breakfast, sack lunch, showers, and men's clothing Daily from 9:30 to 10 a.m. and 11 a.m. to 12:30 p.m. 908 E. Cesar Chavez","austin-baptist-chapel-angel-house-soup-kitchen-meals-showers-and-clothing","comida","otros-recursos","Comidas, duchas y ropa|Austin Baptist Chapel / Angel House Soup Kitchen","Meals, showers and clothing|Austin Baptist Chapel / Angel House Soup Kitchen","en","phone|online","unknown","","","","","Comunícate con la organización para confirmar disponibilidad, requisitos y cómo solicitar el servicio.","Contact the organization to confirm availability, requirements, and how to request the service.","","","","","Austin y comunidades cercanas del Centro de Texas","Austin and surrounding Central Texas communities","512-643-2327","","","","https://austinbaptistchapel.com/index.html","","","","TX","","","","","https://austinbaptistchapel.com/index.html","false","false","","Convertido de “Resource List CMM Updated.docx” el 2026-08-10. Revisar los datos y la fuente oficial antes de publicar."
"Central Presbyterian Church","Desayuno y apoyo para necesidades básicas","Breakfast and basic-needs support","Grupo de Apoyo de 10 a 11 a.m.","Support Group from 10 to 11 a.m.","Grupo de Apoyo de 10 a 11 a.m.","Support Group from 10 to 11 a.m.","central-presbyterian-church-breakfast-and-basic-needs-support","comida","otros-recursos","Desayuno y apoyo para necesidades básicas|Central Presbyterian Church","Breakfast and basic-needs support|Central Presbyterian Church","en","in_person|phone|online","unknown","","","","","Comunícate con la organización para confirmar disponibilidad, requisitos y cómo solicitar el servicio.","Contact the organization to confirm availability, requirements, and how to request the service.","Desayuno, café, artículos de tocador, ropa, jueves de 8 a 11 a. m. (espacio limitado)","Breakfast, coffee, toiletries, clothing, Thursday 8-11 a.m. (limited space)","","","Austin, Condado de Travis","Austin, Travis County","512-472-2445","","","","https://cpcaustin.org/","200 E. 8th St","","Austin","TX","78701","Travis","","","https://cpcaustin.org/","false","false","","Convertido de “Resource List CMM Updated.docx” el 2026-08-10. Revisar los datos y la fuente oficial antes de publicar."
"Foundation for the Homeless / Feed My People","Desayuno, duchas y ropa","Breakfast, showers and clothing","Desayuno, duchas y ropa.","Breakfast, showers and clothing","Desayuno, duchas y ropa.","Breakfast, showers and clothing","foundation-for-the-homeless-feed-my-people-breakfast-showers-and-clothing","comida","otros-recursos","Desayuno, duchas y ropa|Foundation for the Homeless / Feed My People","Breakfast, showers and clothing|Foundation for the Homeless / Feed My People","en","in_person|phone|online","unknown","","","","","Comunícate con la organización para confirmar disponibilidad, requisitos y cómo solicitar el servicio.","Contact the organization to confirm availability, requirements, and how to request the service.","Desayuno caliente (martes/jueves de 5:30 a 7 a. m.). Las duchas, las reuniones de AA y la ropa se realizan los jueves, y los cortes de pelo se realizan cada dos jueves. Ministerio de Mujeres Bien: Desayuno, duchas, lavandería, ropa, asistencia por correo electrónico y reanudación desde las 8 a. m. hasta el mediodía del viernes.","Hot breakfast (Tuesday/Thursday 5:30-7 a.m.) Showers, AA meetings, and clothing are on Thursday, and haircuts are every other Thursday. Well Women's Ministry: Breakfast, showers, laundry, clothing, email assistance, and resumes from 8 a.m. to noon on Friday.","","","Austin, Condado de Travis","Austin, Travis County","512-453-6570","","","","https://www.foundationhomeless.org/","1300 Lavaca St.","","Austin","TX","","Travis","","","https://www.foundationhomeless.org/","false","false","","Convertido de “Resource List CMM Updated.docx” el 2026-08-10. Revisar los datos y la fuente oficial antes de publicar."
"University Presbyterian Church","Despensa y asistencia para servicios públicos","Food pantry and utility assistance","Ayuda para el pago de servicios públicos","Utility Payment Help","Ayuda para el pago de servicios públicos","Utility Payment Help","university-presbyterian-church-food-pantry-and-utility-assistance","comida","recursos-financieros","Despensa y asistencia para servicios públicos|University Presbyterian Church","Food pantry and utility assistance|University Presbyterian Church","en","in_person|phone|online","unknown","","","","","Comunícate con la organización para confirmar disponibilidad, requisitos y cómo solicitar el servicio.","Contact the organization to confirm availability, requirements, and how to request the service.","Despensa de alimentos el jueves de 5:30 a 7 p.m.","Food pantry on Thursday from 5:30 to 7 p.m.","","","Austin, Condado de Travis","Austin, Travis County","512-476-5321","","","","https://upcaustin.org/serve/getting-help","2203 San Antonio Street","","Austin","TX","78705","Travis","","","https://upcaustin.org/serve/getting-help","false","false","","Convertido de “Resource List CMM Updated.docx” el 2026-08-10. Revisar los datos y la fuente oficial antes de publicar."
"University United Methodist Church","Desayuno y ropa de Open Door","Open Door breakfast and clothing","2409 Guadalupe St. uumc.org/open-door","2409 Guadalupe St. uumc.org/open-door","2409 Guadalupe St. uumc.org/open-door","2409 Guadalupe St. uumc.org/open-door","university-united-methodist-church-open-door-breakfast-and-clothing","comida","otros-recursos","Desayuno y ropa de Open Door|University United Methodist Church","Open Door breakfast and clothing|University United Methodist Church","en","online","unknown","","","","","Comunícate con la organización para confirmar disponibilidad, requisitos y cómo solicitar el servicio.","Contact the organization to confirm availability, requirements, and how to request the service.","Desayuno y ropa todos los sábados de 8 a 9 a.m.","Breakfast and clothing every Saturday from 8 to 9 a.m.","","","Austin y comunidades cercanas del Centro de Texas","Austin and surrounding Central Texas communities","","","","","http://uumc.org/open-door","","","","TX","","","","","http://uumc.org/open-door","false","false","","Convertido de “Resource List CMM Updated.docx” el 2026-08-10. Revisar los datos y la fuente oficial antes de publicar."
"Mobile Loaves & Fishes","Alimentos móviles y artículos de primera necesidad","Mobile food and basic-needs supplies","Alimentos, ropa, zapatos, calcetines, libros y artículos de higiene. mlf.org/truck-schedules","Food, clothing, shoes, socks, books, and hygiene supplies. mlf.org/truck-schedules","Alimentos, ropa, zapatos, calcetines, libros y artículos de higiene. mlf.org/truck-schedules","Food, clothing, shoes, socks, books, and hygiene supplies. mlf.org/truck-schedules","mobile-loaves-and-fishes-mobile-food-and-basic-needs-supplies","comida","otros-recursos","Alimentos móviles y artículos de primera necesidad|Mobile Loaves & Fishes","Mobile food and basic-needs supplies|Mobile Loaves & Fishes","en","phone|online","unknown","","","","","Comunícate con la organización para confirmar disponibilidad, requisitos y cómo solicitar el servicio.","Contact the organization to confirm availability, requirements, and how to request the service.","","","","","Austin y comunidades cercanas del Centro de Texas","Austin and surrounding Central Texas communities","512-328-7299","","","","http://mlf.org/truck-schedules","","","","TX","","","","","http://mlf.org/truck-schedules","false","false","","Convertido de “Resource List CMM Updated.docx” el 2026-08-10. Revisar los datos y la fuente oficial antes de publicar."
"Double Up Food Bucks","Beneficios de asistencia alimentaria","Food assistance benefits","Beneficios de asistencia alimentaria","Food assistance benefits","Beneficios de asistencia alimentaria","Food assistance benefits","double-up-food-bucks-food-assistance-benefits","comida","","Beneficios de asistencia alimentaria|Double Up Food Bucks","Food assistance benefits|Double Up Food Bucks","en","phone","unknown","","","","","Comunícate con la organización para confirmar disponibilidad, requisitos y cómo solicitar el servicio.","Contact the organization to confirm availability, requirements, and how to request the service.","","","","","Austin y comunidades cercanas del Centro de Texas","Austin and surrounding Central Texas communities","512-730-1807","","","","","","","","TX","","","","","","false","false","","Convertido de “Resource List CMM Updated.docx” el 2026-08-10. Revisar los datos y la fuente oficial antes de publicar."
"Consultame","Asistencia con trámites del Consulado de México","Mexican Consulate procedure assistance","Empresa privada que brinda servicios de asesoría en trámites y citas en el Consulado de México.","Private business that brings advisory services in procedures and appointments at the Mexican Consulate.","Empresa privada que brinda servicios de asesoría en trámites y citas en el Consulado de México.","Private business that brings advisory services in procedures and appointments at the Mexican Consulate.","consultame-mexican-consulate-procedure-assistance","ayuda-legal","","Asistencia con trámites del Consulado de México|Consultame","Mexican Consulate procedure assistance|Consultame","en","in_person|phone|online","unknown","","","","","Comunícate con la organización para confirmar disponibilidad, requisitos y cómo solicitar el servicio.","Contact the organization to confirm availability, requirements, and how to request the service.","","","","","Pflugerville, Condado de Travis","Pflugerville, Travis County","512-312-9791","","","hola@consultame.info","https://www.consultame.info/","2911 AW Grimes Blvd #203","","Pflugerville","TX","78660","Travis","","","https://www.consultame.info/","false","false","","Convertido de “Resource List CMM Updated.docx” el 2026-08-10. Revisar los datos y la fuente oficial antes de publicar."
"Child Inc.","Cuidado infantil para familias con bajos ingresos","Child care for families with low incomes","Servicios de cuidado infantil para padres de bajos ingresos","Childcare services forlow-incomee parents","Servicios de cuidado infantil para padres de bajos ingresos","Childcare services forlow-incomee parents","child-inc-child-care-for-families-with-low-incomes","educacion","","Cuidado infantil para familias con bajos ingresos|Child Inc.","Child care for families with low incomes|Child Inc.","en","in_person|phone|online","unknown","","","","","Comunícate con la organización para confirmar disponibilidad, requisitos y cómo solicitar el servicio.","Contact the organization to confirm availability, requirements, and how to request the service.","","","","","Austin, Condado de Travis","Austin, Travis County","512-451-7361","","","","https://childinc.org/#","818 East 53rd Street","","Austin","TX","78751","Travis","","","https://childinc.org/#","false","false","","Convertido de “Resource List CMM Updated.docx” el 2026-08-10. Revisar los datos y la fuente oficial antes de publicar."
"Austin Community Law Center","Representación legal asequible","Affordable legal representation","Representación legal, asequible 2028 E Ben White Blvd, Ste 240, PMB 5960, Austin, TX 78741","Legal representation, affordable 2028 E Ben White Blvd, Ste 240, PMB 5960, Austin, TX 78741","Representación legal, asequible 2028 E Ben White Blvd, Ste 240, PMB 5960, Austin, TX 78741","Legal representation, affordable 2028 E Ben White Blvd, Ste 240, PMB 5960, Austin, TX 78741","austin-community-law-center-affordable-legal-representation","ayuda-legal","","Representación legal asequible|Austin Community Law Center","Affordable legal representation|Austin Community Law Center","en","phone|online","unknown","","","","","Comunícate con la organización para confirmar disponibilidad, requisitos y cómo solicitar el servicio.","Contact the organization to confirm availability, requirements, and how to request the service.","","","","","Austin y comunidades cercanas del Centro de Texas","Austin and surrounding Central Texas communities","512-596-0226","","","","https://www.austincommunitylawcenter.org/servicioslegalesecon%C3%B3micos","","","","TX","","","","","https://www.austincommunitylawcenter.org/servicioslegalesecon%C3%B3micos","false","false","","Convertido de “Resource List CMM Updated.docx” el 2026-08-10. Revisar los datos y la fuente oficial antes de publicar."
"Albizu Law Firm","Servicios legales de inmigración y familia","Immigration and family law services","Servicios de inmigración y derecho familiar 8500 Shoal Creek Blvd. Edificio 4, Suite 208, Austin, TX 78757 (512) 861 - 5638 Sitio web: https://albizulaw.com/?ct=t%28EMAIL_CAMPAIGN_12_20_2024_14_6%29&mc_cid=9cc669689c&mc_eid=fa72f027f0","Immigration & Family Law Services 8500 Shoal Creek Blvd. Bldg 4, Suite 208, Austin, TX 78757 (512) 861 - 5638 Website: https://albizulaw.com/?ct=t%28EMAIL_CAMPAIGN_12_20_2024_14_6%29&mc_cid=9cc669689c&mc_eid=fa72f027f0","Servicios de inmigración y derecho familiar 8500 Shoal Creek Blvd. Edificio 4, Suite 208, Austin, TX 78757 (512) 861 - 5638 Sitio web: https://albizulaw.com/?ct=t%28EMAIL_CAMPAIGN_12_20_2024_14_6%29&mc_cid=9cc669689c&mc_eid=fa72f027f0","Immigration & Family Law Services 8500 Shoal Creek Blvd. Bldg 4, Suite 208, Austin, TX 78757 (512) 861 - 5638 Website: https://albizulaw.com/?ct=t%28EMAIL_CAMPAIGN_12_20_2024_14_6%29&mc_cid=9cc669689c&mc_eid=fa72f027f0","albizu-law-firm-immigration-and-family-law-services","ayuda-legal","","Servicios legales de inmigración y familia|Albizu Law Firm","Immigration and family law services|Albizu Law Firm","en","online","unknown","","","","","Comunícate con la organización para confirmar disponibilidad, requisitos y cómo solicitar el servicio.","Contact the organization to confirm availability, requirements, and how to request the service.","","","","","Austin y comunidades cercanas del Centro de Texas","Austin and surrounding Central Texas communities","","","","iris@albizulaw.com","https://albizulaw.com/","","","","TX","","","","","https://albizulaw.com/","false","false","","Convertido de “Resource List CMM Updated.docx” el 2026-08-10. Revisar los datos y la fuente oficial antes de publicar."
"Austin Public Library","Tarjeta de biblioteca mejorada","Enhanced Library Card","Tarjeta de biblioteca mejorada","Enhanced Library Card","Tarjeta de biblioteca mejorada","Enhanced Library Card","austin-public-library-enhanced-library-card","otros-recursos","","Tarjeta de biblioteca mejorada|Austin Public Library","Enhanced Library Card|Austin Public Library","en","online","unknown","","","","","Comunícate con la organización para confirmar disponibilidad, requisitos y cómo solicitar el servicio.","Contact the organization to confirm availability, requirements, and how to request the service.","","","","","Austin y comunidades cercanas del Centro de Texas","Austin and surrounding Central Texas communities","","","","","https://library.austintexas.gov/enhanced","","","","TX","","","","","https://library.austintexas.gov/enhanced","false","false","","Convertido de “Resource List CMM Updated.docx” el 2026-08-10. Revisar los datos y la fuente oficial antes de publicar."
"Consulado General de México en Austin","Información consular y comunitaria","Consular and community information","Sitio de Mexicanos en el exterior: https://ime.gob.mex/","Sitio de Mexicanos en el exterior: https://ime.gob.mex/","Sitio de Mexicanos en el exterior: https://ime.gob.mex/","Sitio de Mexicanos en el exterior: https://ime.gob.mex/","consulado-general-de-mexico-en-austin-consular-and-community-information","ayuda-legal","","Información consular y comunitaria|Consulado General de México en Austin","Consular and community information|Consulado General de México en Austin","en","phone|online","unknown","","","","","Comunícate con la organización para confirmar disponibilidad, requisitos y cómo solicitar el servicio.","Contact the organization to confirm availability, requirements, and how to request the service.","","","","","Austin y comunidades cercanas del Centro de Texas","Austin and surrounding Central Texas communities","512-478-2866 ext. 101","","","comunidadesatn@ser.gob.mx","https://www.condusef.gob.mx/","","","","TX","","","","","https://www.condusef.gob.mx/","false","false","","Convertido de “Resource List CMM Updated.docx” el 2026-08-10. Revisar los datos y la fuente oficial antes de publicar."
"RAICES","Servicios legales de inmigración","Immigration legal services","Sharon Godinez - Gerente de Casos - Departamento de Programas Sociales","Sharon Godinez - Case Manager - Social Programs Department","Sharon Godinez - Gerente de Casos - Departamento de Programas Sociales","Sharon Godinez - Case Manager - Social Programs Department","raices-immigration-legal-services","ayuda-legal","","Servicios legales de inmigración|RAICES","Immigration legal services|RAICES","en","phone|online","unknown","","","","","Comunícate con la organización para confirmar disponibilidad, requisitos y cómo solicitar el servicio.","Contact the organization to confirm availability, requirements, and how to request the service.","","","","","Austin y comunidades cercanas del Centro de Texas","Austin and surrounding Central Texas communities","512-961-1773","","","sharon.godinez@raicestexas.org","https://www.immigrationadvocates.org/legaldirectory/organization.626673-Refugee_and_Immigrant_Center_for_Education_and_Legal_Services_Inc_RAICES","","","","TX","","","","","https://www.immigrationadvocates.org/legaldirectory/organization.626673-Refugee_and_Immigrant_Center_for_Education_and_Legal_Services_Inc_RAICES","false","false","","Convertido de “Resource List CMM Updated.docx” el 2026-08-10. Revisar los datos y la fuente oficial antes de publicar."
"The Goodwill Excel Center","Diploma de secundaria y capacitación profesional para adultos","Adult high school diploma and career training","Primera escuela secundaria pública gratuita en Texas donde los adultos de entre 18 y 50 años pueden regresar a la escuela para obtener su diploma de escuela secundaria y completar la capacitación para una carrera de alta demanda.","First free public high school in Texas where adults aged 18-50 can return to school to earn their high school diploma and complete training for a high-demand career","Primera escuela secundaria pública gratuita en Texas donde los adultos de entre 18 y 50 años pueden regresar a la escuela para obtener su diploma de escuela secundaria y completar la capacitación para una carrera de alta demanda.","First free public high school in Texas where adults aged 18-50 can return to school to earn their high school diploma and complete training for a high-demand career","the-goodwill-excel-center-adult-high-school-diploma-and-career-training","educacion","","Diploma de secundaria y capacitación profesional para adultos|The Goodwill Excel Center","Adult high school diploma and career training|The Goodwill Excel Center","en","in_person|phone|online","free","","","","","Comunícate con la organización para confirmar disponibilidad, requisitos y cómo solicitar el servicio.","Contact the organization to confirm availability, requirements, and how to request the service.","","","","","Austin, Condado de Travis","Austin, Travis County","512-531-5500","","","exceladmission@excelcenterhighschool.org","https://excelcenterhighschool.org/","1015 Norwood Park Blvd.","","Austin","TX","78753","Travis","","","https://excelcenterhighschool.org/","false","false","","Convertido de “Resource List CMM Updated.docx” el 2026-08-10. Revisar los datos y la fuente oficial antes de publicar."
"UT Austin School of Nursing","Centro de Bienestar Familiar","Family Wellness Center","2901 Norte IH-35, Suite 1.301 Austin, TX 78722 | Ver mapa","2901 North IH-35, Suite 1.301 Austin, TX 78722 | View Map","2901 Norte IH-35, Suite 1.301 Austin, TX 78722 | Ver mapa","2901 North IH-35, Suite 1.301 Austin, TX 78722 | View Map","ut-austin-school-of-nursing-family-wellness-center","salud","","Centro de Bienestar Familiar|UT Austin School of Nursing","Family Wellness Center|UT Austin School of Nursing","en","phone|online","unknown","","","","","Comunícate con la organización para confirmar disponibilidad, requisitos y cómo solicitar el servicio.","Contact the organization to confirm availability, requirements, and how to request the service.","Horario de atención: Lunes: 8 am - 12 pm y 1 pm - 8 pm Martes - jueves: 8 am - 12 pm y 1 pm - 5 pm Viernes: 8 am - 12 pm Sábado y domingo: Cerrado","Hours of Operation: Monday: 8 am -12 pmm & 1pm - 8 pm Tue - Thur:8 amm - 12pm & 1 pm - 5 pm Friday: 8 am -12 pmm Saturday & Sunday: Closed","","","Austin y comunidades cercanas del Centro de Texas","Austin and surrounding Central Texas communities","512-232-3900","","","","https://nursing.utexas.edu/wellness-centers/family-wellness-center","","","","TX","","","","","https://nursing.utexas.edu/wellness-centers/family-wellness-center","false","false","","Convertido de “Resource List CMM Updated.docx” el 2026-08-10. Revisar los datos y la fuente oficial antes de publicar."
"UT Austin School of Nursing","Centro de Bienestar Infantil","Children's Wellness Center","5301 Ross Road, edificio H Del Valle, TX 78617","5301 Ross Road, bldg H Del Valle, TX 78617","5301 Ross Road, edificio H Del Valle, TX 78617","5301 Ross Road, bldg H Del Valle, TX 78617","ut-austin-school-of-nursing-children-s-wellness-center","salud","","Centro de Bienestar Infantil|UT Austin School of Nursing","Children's Wellness Center|UT Austin School of Nursing","en","phone","unknown","","","","","Comunícate con la organización para confirmar disponibilidad, requisitos y cómo solicitar el servicio.","Contact the organization to confirm availability, requirements, and how to request the service.","","","","","Austin y comunidades cercanas del Centro de Texas","Austin and surrounding Central Texas communities","512-386-3335","","","","","","","","TX","","","","","","false","false","","Convertido de “Resource List CMM Updated.docx” el 2026-08-10. Revisar los datos y la fuente oficial antes de publicar."
"The Source Women's Health Center","Servicios de salud para mujeres","Women’s health services","Servicios de salud para mujeres","Women's health services","Servicios de salud para mujeres","Women's health services","the-source-women-s-health-center-women-s-health-services","salud","","Servicios de salud para mujeres|The Source Women's Health Center","Women’s health services|The Source Women's Health Center","es","in_person|phone|online","unknown","","","","","Comunícate con la organización para confirmar disponibilidad, requisitos y cómo solicitar el servicio.","Contact the organization to confirm availability, requirements, and how to request the service.","Horario: lunes a viernes, 9:00 a. m. a 5:00 p. m.","Hours: Mon - Fri, 9:00 AM - 5:00 PM","","","Austin, Condado de Travis","Austin, Travis County","512-374-0055","","","","https://www.thesource.org/all-locations/austin","1007 E 41st St.","","Austin","TX","78751","Travis","","","https://www.thesource.org/all-locations/austin","false","false","","Convertido de “Resource List CMM Updated.docx” el 2026-08-10. Revisar los datos y la fuente oficial antes de publicar."
"Northeast Health Resource Center","Pañales y productos menstruales gratuitos","Free diapers and menstrual products","Pañales Y Productos Femeninos Gratis Pañales: Varios Tamaños (Prematuro - Tamaño 6) Si es la primera vez que utiliza este servicio, por favor traiga el certificado de nacimiento de cada niño. Toallitas Para Bebés, Fórmula Para Bebés: Las Marcas/Tamaños Varían Pañales De Natación: S - L, Pull-Ups: 2t…","Free Diapers and Feminine Products Diapers: Various Sizes (Preemie - Size 6) If this is your first time using this service, please bring the birth certificate for each child. Baby Wipes, Baby Formula: Brands/Sizes Vary Swim Diapers: S - L, Pull-Ups: 2t - 5t Menstrual Products (Kotex & Panty Liners)…","Pañales Y Productos Femeninos Gratis Pañales: Varios Tamaños (Prematuro - Tamaño 6) Si es la primera vez que utiliza este servicio, por favor traiga el certificado de nacimiento de cada niño. Toallitas Para Bebés, Fórmula Para Bebés: Las Marcas/Tamaños Varían Pañales De Natación: S - L, Pull-Ups: 2t - 5t Productos Menstruales (Kotex & Panty Liners) Horario De Recogida No se necesita cita previa, se recomienda llamar antes. El Centro de Recursos se encuentra en el lado de Loyola Lane de la escuela, por el estacionamiento.","Free Diapers and Feminine Products Diapers: Various Sizes (Preemie - Size 6) If this is your first time using this service, please bring the birth certificate for each child. Baby Wipes, Baby Formula: Brands/Sizes Vary Swim Diapers: S - L, Pull-Ups: 2t - 5t Menstrual Products (Kotex & Panty Liners) Pickup Hours No appointment necessary, calling ahead is recommended. The Resource Center is located on the Loyola Lane side of the school, by the parking lot.","northeast-health-resource-center-free-diapers-and-menstrual-products","salud","","Pañales y productos menstruales gratuitos|Northeast Health Resource Center","Free diapers and menstrual products|Northeast Health Resource Center","es","in_person|phone","free","","","","","Comunícate con la organización para confirmar disponibilidad, requisitos y cómo solicitar el servicio.","Contact the organization to confirm availability, requirements, and how to request the service.","De Lunes a Viernes: 8 a.m.- 5 p.m.","Monday to Friday: 8 a.m.- 5 p.m.","","","Austin, Condado de Travis","Austin, Travis County","512-978-8680","","","","","6711 Johnny Morris Rd.","","Austin","TX","78724","Travis","","","","false","false","","Convertido de “Resource List CMM Updated.docx” el 2026-08-10. Revisar los datos y la fuente oficial antes de publicar."
"Austin Public Health","Centro Vecinal Dove Springs","Dove Springs Neighborhood Center","Apoyo laboral, ayuda para solicitar beneficios, beneficios de administración de casos, participación activa y ganancias, exámenes de salud gratuitos Centro de salud pública de Dove Springs - Sur de Austin","Employment support, help applying for benefits, benefits of case management, actively participate and earn, free health screenings Dove Springs Public Health Center -- South Austin","Apoyo laboral, ayuda para solicitar beneficios, beneficios de administración de casos, participación activa y ganancias, exámenes de salud gratuitos Centro de salud pública de Dove Springs - Sur de Austin","Employment support, help applying for benefits, benefits of case management, actively participate and earn, free health screenings Dove Springs Public Health Center -- South Austin","austin-public-health-dove-springs-neighborhood-center","otros-recursos","","Centro Vecinal Dove Springs|Austin Public Health","Dove Springs Neighborhood Center|Austin Public Health","en","in_person|phone|online","free","","","","","Comunícate con la organización para confirmar disponibilidad, requisitos y cómo solicitar el servicio.","Contact the organization to confirm availability, requirements, and how to request the service.","","","","","Austin, Condado de Travis","Austin, Travis County","512-972-6699","","","","https://www.austintexas.gov/services/get-help-neighborhood-centers","5811 Palo Blanco Lane","","Austin","TX","78744","Travis","","","https://www.austintexas.gov/services/get-help-neighborhood-centers","false","false","","Convertido de “Resource List CMM Updated.docx” el 2026-08-10. Revisar los datos y la fuente oficial antes de publicar."
"Austin Public Health","Centro Comunitario St. John","St. John Community Center","Apoyo laboral, ayuda para solicitar beneficios, beneficios de administración de casos, participación activa y ganancias, exámenes de salud gratuitos St. John Community Center - Noreste de Austin","Employment support, help applying for benefits, benefits of case management, actively participate and earn, free health screenings St. John Community Center -- Northeast Austin","Apoyo laboral, ayuda para solicitar beneficios, beneficios de administración de casos, participación activa y ganancias, exámenes de salud gratuitos St. John Community Center - Noreste de Austin","Employment support, help applying for benefits, benefits of case management, actively participate and earn, free health screenings St. John Community Center -- Northeast Austin","austin-public-health-st-john-community-center","otros-recursos","","Centro Comunitario St. John|Austin Public Health","St. John Community Center|Austin Public Health","en","in_person|phone|online","free","","","","","Comunícate con la organización para confirmar disponibilidad, requisitos y cómo solicitar el servicio.","Contact the organization to confirm availability, requirements, and how to request the service.","","","","","Austin, Condado de Travis","Austin, Travis County","512-972-5159","","","","https://www.austintexas.gov/services/get-help-neighborhood-centers","7500 Blessing Avenue","","Austin","TX","78752","Travis","","","https://www.austintexas.gov/services/get-help-neighborhood-centers","false","false","","Convertido de “Resource List CMM Updated.docx” el 2026-08-10. Revisar los datos y la fuente oficial antes de publicar."
"Austin Public Health","Centro Vecinal del Este de Austin","East Austin Neighborhood Center","Apoyo laboral, ayuda para solicitar beneficios, beneficios de administración de casos, participación activa y ganancias, exámenes de salud gratuitos East Austin Neighborhood Center - East Austin","Employment support, help applying for benefits, benefits of case management, actively participate and earn, free health screenings East Austin Neighborhood Center -- East Austin","Apoyo laboral, ayuda para solicitar beneficios, beneficios de administración de casos, participación activa y ganancias, exámenes de salud gratuitos East Austin Neighborhood Center - East Austin","Employment support, help applying for benefits, benefits of case management, actively participate and earn, free health screenings East Austin Neighborhood Center -- East Austin","austin-public-health-east-austin-neighborhood-center","otros-recursos","","Centro Vecinal del Este de Austin|Austin Public Health","East Austin Neighborhood Center|Austin Public Health","en","in_person|phone|online","free","","","","","Comunícate con la organización para confirmar disponibilidad, requisitos y cómo solicitar el servicio.","Contact the organization to confirm availability, requirements, and how to request the service.","","","","","Austin, Condado de Travis","Austin, Travis County","512-972-6650","","","","https://www.austintexas.gov/services/get-help-neighborhood-centers","211 Comal Street","","Austin","TX","78702","Travis","","","https://www.austintexas.gov/services/get-help-neighborhood-centers","false","false","","Convertido de “Resource List CMM Updated.docx” el 2026-08-10. Revisar los datos y la fuente oficial antes de publicar."
"Austin Public Health","Centro Comunitario Montopolis","Montopolis Community Center","Apoyo laboral, ayuda para solicitar beneficios, beneficios de administración de casos, participación activa y ganancias, exámenes de salud gratuitos Montopolis Community Center - Sureste de Austin","Employment support, help applying for benefits, benefits of case management, actively participate and earn, free health screenings Montopolis Community Center -- Southeast Austin","Apoyo laboral, ayuda para solicitar beneficios, beneficios de administración de casos, participación activa y ganancias, exámenes de salud gratuitos Montopolis Community Center - Sureste de Austin","Employment support, help applying for benefits, benefits of case management, actively participate and earn, free health screenings Montopolis Community Center -- Southeast Austin","austin-public-health-montopolis-community-center","otros-recursos","","Centro Comunitario Montopolis|Austin Public Health","Montopolis Community Center|Austin Public Health","en","in_person|phone|online","free","","","","","Comunícate con la organización para confirmar disponibilidad, requisitos y cómo solicitar el servicio.","Contact the organization to confirm availability, requirements, and how to request the service.","","","","","Austin, Condado de Travis","Austin, Travis County","512-972-6705","","","","https://www.austintexas.gov/services/get-help-neighborhood-centers","1200 Montopolis Drive","","Austin","TX","78741","Travis","","","https://www.austintexas.gov/services/get-help-neighborhood-centers","false","false","","Convertido de “Resource List CMM Updated.docx” el 2026-08-10. Revisar los datos y la fuente oficial antes de publicar."
"Foundation Communities","Prosper Center Norte","Prosper Center North","Bienestar financiero, ayuda fiscal, centro universitario, cobertura de salud Rutas de autobuses del norte: 7, 337, 350","Financial wellness, tax help, college hub, health coverage North Bus Routes: 7, 337, 350","Bienestar financiero, ayuda fiscal, centro universitario, cobertura de salud Rutas de autobuses del norte: 7, 337, 350","Financial wellness, tax help, college hub, health coverage North Bus Routes: 7, 337, 350","foundation-communities-prosper-center-north","recursos-financieros","","Prosper Center Norte|Foundation Communities","Prosper Center North|Foundation Communities","en","in_person|phone|online","unknown","","","","","Comunícate con la organización para confirmar disponibilidad, requisitos y cómo solicitar el servicio.","Contact the organization to confirm availability, requirements, and how to request the service.","","","","","Austin, Condado de Travis","Austin, Travis County","737-717-4000","","","","https://foundcom.org/prosper-centers","5900 Airport Blvd","","Austin","TX","78752","Travis","","","https://foundcom.org/prosper-centers","false","false","","Convertido de “Resource List CMM Updated.docx” el 2026-08-10. Revisar los datos y la fuente oficial antes de publicar."
"Foundation Communities","Prosper Center Sur","Prosper Center South","Bienestar financiero, ayuda fiscal, centro universitario, cobertura de salud Ruta de autobús sur: 300","Financial wellness, tax help, college hub, health coverage South Bus Route: 300","Bienestar financiero, ayuda fiscal, centro universitario, cobertura de salud Ruta de autobús sur: 300","Financial wellness, tax help, college hub, health coverage South Bus Route: 300","foundation-communities-prosper-center-south","recursos-financieros","","Prosper Center Sur|Foundation Communities","Prosper Center South|Foundation Communities","en","in_person|phone|online","unknown","","","","","Comunícate con la organización para confirmar disponibilidad, requisitos y cómo solicitar el servicio.","Contact the organization to confirm availability, requirements, and how to request the service.","","","","","Austin, Condado de Travis","Austin, Travis County","737-717-4000","","","","https://foundcom.org/prosper-centers","2900 S I-35 Frontage Rd","","Austin","TX","78704","Travis","","","https://foundcom.org/prosper-centers","false","false","","Convertido de “Resource List CMM Updated.docx” el 2026-08-10. Revisar los datos y la fuente oficial antes de publicar."
"Dress for Success Austin","Apoyo laboral y ropa profesional","Employment and professional clothing support","Harolyn Collins Administradora de Servicios al Cliente Nina Guilford Gerente de Programa Haley Poorman Gerente de Voluntarios dressforsuccessaustin.org","Harolyn Collins Client Services Administrator Nina Guilford Program Manager Haley Poorman Volunteer Manager dressforsuccessaustin.org","Harolyn Collins Administradora de Servicios al Cliente Nina Guilford Gerente de Programa Haley Poorman Gerente de Voluntarios dressforsuccessaustin.org","Harolyn Collins Client Services Administrator Nina Guilford Program Manager Haley Poorman Volunteer Manager dressforsuccessaustin.org","dress-for-success-austin-employment-and-professional-clothing-support","otros-recursos","","Apoyo laboral y ropa profesional|Dress for Success Austin","Employment and professional clothing support|Dress for Success Austin","en","in_person|phone|online","unknown","","","","","Comunícate con la organización para confirmar disponibilidad, requisitos y cómo solicitar el servicio.","Contact the organization to confirm availability, requirements, and how to request the service.","","","","","Austin, Condado de Travis","Austin, Travis County","512-389-3723","","","harolyn@dressforsuccessaustin.org","http://dressforsuccessaustin.org/","3000 S. 1-35 Frontage Road #180","","Austin","TX","78704","Travis","","","http://dressforsuccessaustin.org/","false","false","","Convertido de “Resource List CMM Updated.docx” el 2026-08-10. Revisar los datos y la fuente oficial antes de publicar."
"Any Baby Can","Servicios de apoyo familiar","Family support services","Fortalece a las familias para que los niños tengan éxito. Con servicios que atienden a los clientes dondequiera que estén, nuestro equipo brinda telesalud y terapias en el hogar, educación para padres, asesoramiento sobre salud mental, administración de casos médicos, navegación de recursos y otros…","Strengthens families so children succeed. With services that meet clients where they are, our team provides telehealth and in-home therapies, parent education, mental health counseling, medical case management, resource navigation, and other support services.","Fortalece a las familias para que los niños tengan éxito. Con servicios que atienden a los clientes dondequiera que estén, nuestro equipo brinda telesalud y terapias en el hogar, educación para padres, asesoramiento sobre salud mental, administración de casos médicos, navegación de recursos y otros servicios de apoyo.","Strengthens families so children succeed. With services that meet clients where they are, our team provides telehealth and in-home therapies, parent education, mental health counseling, medical case management, resource navigation, and other support services.","any-baby-can-family-support-services","otros-recursos","","Servicios de apoyo familiar|Any Baby Can","Family support services|Any Baby Can","en","online","unknown","","","","","Comunícate con la organización para confirmar disponibilidad, requisitos y cómo solicitar el servicio.","Contact the organization to confirm availability, requirements, and how to request the service.","","","","","Austin y comunidades cercanas del Centro de Texas","Austin and surrounding Central Texas communities","","","","","https://anybabycan.org/resources","","","","TX","","","","","https://anybabycan.org/resources","false","false","","Convertido de “Resource List CMM Updated.docx” el 2026-08-10. Revisar los datos y la fuente oficial antes de publicar."
"Texas Health and Human Services Commission","Asistencia Temporal para Familias Necesitadas (TANF)","Temporary Assistance for Needy Families (TANF)","Asistencia Temporal para Familias Necesitadas (TANF)","Temporary Assistance for Needy Families (TANF)","Asistencia Temporal para Familias Necesitadas (TANF)","Temporary Assistance for Needy Families (TANF)","texas-health-and-human-services-commission-temporary-assistance-for-needy-families-tanf","recursos-financieros","","Asistencia Temporal para Familias Necesitadas (TANF)|Texas Health and Human Services Commission","Temporary Assistance for Needy Families (TANF)|Texas Health and Human Services Commission","es","online","unknown","","","","","Comunícate con la organización para confirmar disponibilidad, requisitos y cómo solicitar el servicio.","Contact the organization to confirm availability, requirements, and how to request the service.","","","","","Austin y comunidades cercanas del Centro de Texas","Austin and surrounding Central Texas communities","","","","","https://connectatx.uwatx.org/texas-health-and-human-services-commission-%2528hhsc%2529--houston-tx--temporary-assistance-for-needy-families-%2528tanf%2529/4839694886633472?lang=es&ref=share_bulk_email","","","","TX","","","","","https://connectatx.uwatx.org/texas-health-and-human-services-commission-%2528hhsc%2529--houston-tx--temporary-assistance-for-needy-families-%2528tanf%2529/4839694886633472?lang=es&ref=share_bulk_email","false","false","","Convertido de “Resource List CMM Updated.docx” el 2026-08-10. Revisar los datos y la fuente oficial antes de publicar."
"St. Austin Catholic Parish","Programa de alcance comunitario","Outreach Program","Programa de extensión","Outreach Program","Programa de extensión","Outreach Program","st-austin-catholic-parish-outreach-program","recursos-financieros","","Programa de alcance comunitario|St. Austin Catholic Parish","Outreach Program|St. Austin Catholic Parish","en","online","unknown","","","","","Comunícate con la organización para confirmar disponibilidad, requisitos y cómo solicitar el servicio.","Contact the organization to confirm availability, requirements, and how to request the service.","","","","","Austin y comunidades cercanas del Centro de Texas","Austin and surrounding Central Texas communities","","","","","https://connectatx.uwatx.org/st.-austin-catholic-parish--austin-tx--outreach-program/1850055?lang=es&ref=share_bulk_email","","","","TX","","","","","https://connectatx.uwatx.org/st.-austin-catholic-parish--austin-tx--outreach-program/1850055?lang=es&ref=share_bulk_email","false","false","","Convertido de “Resource List CMM Updated.docx” el 2026-08-10. Revisar los datos y la fuente oficial antes de publicar."
"Travis County Health and Human Services","Evaluación para asistencia financiera","Financial assistance screening","Evaluación para asistencia financiera","Evaluation for financial assistance","Evaluación para asistencia financiera","Evaluation for financial assistance","travis-county-health-and-human-services-financial-assistance-screening","recursos-financieros","","Evaluación para asistencia financiera|Travis County Health and Human Services","Financial assistance screening|Travis County Health and Human Services","es","online","unknown","","","","","Comunícate con la organización para confirmar disponibilidad, requisitos y cómo solicitar el servicio.","Contact the organization to confirm availability, requirements, and how to request the service.","","","","","Austin y comunidades cercanas del Centro de Texas","Austin and surrounding Central Texas communities","","","","","https://tchhs.my.site.com/ecmsclientportal/s/prescreeningtool?language=es","","","","TX","","","","","https://tchhs.my.site.com/ecmsclientportal/s/prescreeningtool?language=es","false","false","","Convertido de “Resource List CMM Updated.docx” el 2026-08-10. Revisar los datos y la fuente oficial antes de publicar."
"The Rathgeber Center for Families","Refugio y apoyo para familias","Family shelter and support","Refugio y apoyo para familias","Shelter and support for families","Refugio y apoyo para familias","Shelter and support for families","the-rathgeber-center-for-families-family-shelter-and-support","vivienda","","Refugio y apoyo para familias|The Rathgeber Center for Families","Family shelter and support|The Rathgeber Center for Families","es","phone","unknown","","","","","Comunícate con la organización para confirmar disponibilidad, requisitos y cómo solicitar el servicio.","Contact the organization to confirm availability, requirements, and how to request the service.","","","","","Austin y comunidades cercanas del Centro de Texas","Austin and surrounding Central Texas communities","737-256-6926","","","","","","","","TX","","","","","","false","false","","Convertido de “Resource List CMM Updated.docx” el 2026-08-10. Revisar los datos y la fuente oficial antes de publicar."
"Navarro High School Family Resource Center","Apoyo del Centro de Recursos Familiares","Family Resource Center support","Apoyo del Centro de Recursos Familiares","Family Resource Center support","Apoyo del Centro de Recursos Familiares","Family Resource Center support","navarro-high-school-family-resource-center-family-resource-center-support","otros-recursos","","Apoyo del Centro de Recursos Familiares|Navarro High School Family Resource Center","Family Resource Center support|Navarro High School Family Resource Center","en","in_person|phone","unknown","","","","","Comunícate con la organización para confirmar disponibilidad, requisitos y cómo solicitar el servicio.","Contact the organization to confirm availability, requirements, and how to request the service.","","","","","Austin, Condado de Travis","Austin, Travis County","512-414-4344","","","","","1111 Fairfield Dr","","Austin","TX","78758","Travis","","","","false","false","","Convertido de “Resource List CMM Updated.docx” el 2026-08-10. Revisar los datos y la fuente oficial antes de publicar."
"Lincoln-Goldfinch Law","Servicios legales de inmigración","Immigration legal services","Sitio web","Sitio web","Sitio web","Sitio web","lincoln-goldfinch-law-immigration-legal-services","ayuda-legal","","Servicios legales de inmigración|Lincoln-Goldfinch Law","Immigration legal services|Lincoln-Goldfinch Law","en","in_person|phone|online","unknown","","","","","Comunícate con la organización para confirmar disponibilidad, requisitos y cómo solicitar el servicio.","Contact the organization to confirm availability, requirements, and how to request the service.","","","","","Austin, Condado de Travis","Austin, Travis County","855-502-0555","","","","https://www.lincolngoldfinch.com/","1005 E 40th St","","Austin","TX","78751","Travis","","","https://www.lincolngoldfinch.com/","false","false","","Convertido de “Resource List CMM Updated.docx” el 2026-08-10. Revisar los datos y la fuente oficial antes de publicar."
"Half Helen Foundation","Exámenes comunitarios de la vista","Community eye exams","Exámenes de la vista comunitarios","Community eye exams","Exámenes de la vista comunitarios","Community eye exams","half-helen-foundation-community-eye-exams","salud","","Exámenes comunitarios de la vista|Half Helen Foundation","Community eye exams|Half Helen Foundation","en","online","unknown","","","","","Comunícate con la organización para confirmar disponibilidad, requisitos y cómo solicitar el servicio.","Contact the organization to confirm availability, requirements, and how to request the service.","","","","","Austin y comunidades cercanas del Centro de Texas","Austin and surrounding Central Texas communities","","","","","https://halfhelen.org/community","","","","TX","","","","","https://halfhelen.org/community","false","false","","Convertido de “Resource List CMM Updated.docx” el 2026-08-10. Revisar los datos y la fuente oficial antes de publicar."
"LULAC","Defensa y apoyo comunitario","Community advocacy and support","Defensa y apoyo comunitario","Community advocacy and support","Defensa y apoyo comunitario","Community advocacy and support","lulac-community-advocacy-and-support","otros-recursos","","Defensa y apoyo comunitario|LULAC","Community advocacy and support|LULAC","en","online","unknown","","","","","Comunícate con la organización para confirmar disponibilidad, requisitos y cómo solicitar el servicio.","Contact the organization to confirm availability, requirements, and how to request the service.","","","","","Austin y comunidades cercanas del Centro de Texas","Austin and surrounding Central Texas communities","","","","","https://lulac.org/","","","","TX","","","","","https://lulac.org/","false","false","","Convertido de “Resource List CMM Updated.docx” el 2026-08-10. Revisar los datos y la fuente oficial antes de publicar."
"Native Translation Services","Traducción, interpretación y notarización","Translation, interpretation and notarization","Sitio web: https://nativetranslation.org/","Website: https://nativetranslation.org/","Sitio web: https://nativetranslation.org/","Website: https://nativetranslation.org/","native-translation-services-translation-interpretation-and-notarization","otros-recursos","","Traducción, interpretación y notarización|Native Translation Services","Translation, interpretation and notarization|Native Translation Services","en","online","unknown","","","","","Comunícate con la organización para confirmar disponibilidad, requisitos y cómo solicitar el servicio.","Contact the organization to confirm availability, requirements, and how to request the service.","","","","","Austin y comunidades cercanas del Centro de Texas","Austin and surrounding Central Texas communities","","","","","https://nativetranslation.org/","","","","TX","","","","","https://nativetranslation.org/","false","false","","Convertido de “Resource List CMM Updated.docx” el 2026-08-10. Revisar los datos y la fuente oficial antes de publicar."
