organization_name,title_es,title_en,summary_es,summary_en,slug,primary_category
"Accessible Housing Austin! (AHA!)","Accessible Housing Austin! (AHA!)","Accessible Housing Austin! (AHA!)","Ofrece vivienda accesible a personas y familias con discapacidades que cumplen los requisitos de ingresos, priorizando necesidades específicas de accesibilidad.","Provides accessible housing for individuals and families with disabilities who meet income requirements, prioritizing specific accessibility needs.","accessible-housing-austin-aha-accessible-housing-austin-aha","vivienda"
"Albizu Law Firm","Servicios legales de inmigración y familia","Immigration and family law services","Ofrece servicios legales relacionados con inmigración y derecho familiar.","Provides legal services related to immigration and family law.","albizu-law-firm-immigration-and-family-law-services","ayuda-legal"
"Angel House/ Austin Baptist Chapel","Angel House/ Austin Baptist Chapel","Angel House/ Austin Baptist Chapel","Ofrece desayunos y almuerzos para llevar todos los días, además de acceso a duchas para personas sin vivienda.","Provides daily grab-and-go breakfasts and lunches, along with shower access for people experiencing homelessness.","angel-house-austin-baptist-chapel-angel-house-austin-baptist-chapel","comida"
"ATX Free Fridge Project","ATX Free Fridge Project","ATX Free Fridge Project","Mantiene refrigeradores y despensas comunitarias con alimentos gratuitos en varias ubicaciones de Austin.","Maintains community refrigerators and pantries with free food at several Austin locations.","atx-free-fridge-project-atx-free-fridge-project","comida"
"Austin Energy","Apoyo financiero Plus 1","Financial Support Plus 1","Ofrece asistencia de emergencia para ayudar a clientes elegibles a pagar facturas de servicios públicos.","Provides emergency assistance to help eligible customers pay utility bills.","austin-energy-financial-support-plus-1","recursos-financieros"
"Austin Energy","Descuento del Programa de Asistencia al Cliente","Customer Assistance Program discount","Ofrece descuentos en facturas de servicios públicos a hogares elegibles que participan en programas de beneficios públicos.","Provides utility bill discounts to eligible households participating in public benefit programs.","austin-energy-customer-assistance-program-discount","recursos-financieros"
"Austin Habitat for Humanity Homeownership Program","Austin Habitat for Humanity Homeownership Program","Austin Habitat for Humanity Homeownership Program","Ofrece educación, orientación y oportunidades de compra de vivienda para solicitantes que cumplen los requisitos del programa.","Provides education, counseling, and homeownership opportunities for applicants who meet program requirements.","austin-habitat-for-humanity-homeownership-program-austin-habitat-for-humanity-homeownership-program","vivienda"
"Austin Tenants Council (Now a project of Texas RioGrande Legal Aid)","Austin Tenants Council","Austin Tenants Council (Now a project of Texas RioGrande Legal Aid)","Ofrece orientación para inquilinos, mediación, apoyo de vivienda justa e información sobre adaptaciones razonables.","Provides tenant counseling, mediation, fair housing support, and information about reasonable accommodations.","austin-tenants-council-now-a-project-of-texas-riogrande-legal-aid-austin-tenants-council-now-a-project-of-texa","ayuda-legal"
"BASTA (Building and Strengthening Tenant Action)","BASTA (Buscando Acción y Solidaridad que Transforme el Arrendamiento)","BASTA (Building and Strengthening Tenant Action)","Apoya a inquilinos que desean organizarse para mejorar las condiciones de vivienda. No ofrece asesoramiento individual sobre disputas.","Supports tenants who want to organize to improve housing conditions. It does not provide individual counseling about disputes.","basta-building-and-strengthening-tenant-action-basta-building-and-strengthening-tenant-action","ayuda-legal"
"Caritas of Austin","Caritas of Austin","Caritas of Austin","Ofrece alimentos, almuerzos para llevar y apoyo para otras necesidades básicas a personas y familias elegibles.","Provides groceries, sack lunches, and support for other basic needs to eligible individuals and families.","caritas-of-austin-caritas-of-austin","comida"
"Catholic Charities of Central Texas","Asistencia financiera","Financial assistance","Ofrece asistencia limitada para alquiler, hipoteca y servicios públicos mediante un proceso de solicitud y evaluación.","Provides limited rent, mortgage, and utility assistance through an application and assessment process.","catholic-charities-of-central-texas-catholic-charities-of-central-texas","vivienda"
"Central Texas Food Bank and SNAP Assistance","Central Texas Food Bank and SNAP Assistance","Central Texas Food Bank and SNAP Assistance","Ayuda a localizar alimentos y ofrece orientación para solicitar beneficios de SNAP y otros programas de nutrición.","Helps people locate food and provides guidance for applying for SNAP benefits and other nutrition programs.","central-texas-food-bank-and-snap-assistance-central-texas-food-bank-and-snap-assistance","comida"
"Central Texas Lawyer Referral Service","Referencia de Abogados en Austin, TX (Lawyer Referral of Central TX)","Central Texas Lawyer Referral Service","Conecta a las personas con abogados participantes y puede facilitar una consulta inicial sobre su asunto legal.","Connects people with participating attorneys and may arrange an initial consultation about their legal matter.","central-texas-lawyer-referral-service-central-texas-lawyer-referral-service","ayuda-legal"
"City of Austin","Centros de calentamiento","Warming Centers","Ofrece espacios públicos para resguardarse del frío durante el horario regular de parques y bibliotecas participantes.","Provides public spaces for relief from cold weather during regular hours at participating parks and libraries.","city-of-austin-warming-centers","vivienda"
"Colin's Hope","Apoyo comunitario para personas y familias","Community support for individuals and families","Ofrece educación gratuita y bilingüe sobre seguridad en el agua para familias y comunidades.","Provides free bilingual water-safety education for families and communities.","colin-s-hope-community-support-for-individuals-and-families","otros-recursos"
"Consulado General de México en Austin","Información consular y comunitaria","Consular and community information","Ofrece información consular y recursos comunitarios para personas mexicanas que viven en el exterior.","Provides consular information and community resources for Mexican nationals living abroad.","consulado-general-de-mexico-en-austin-consular-and-community-information","ayuda-legal"
"David Chapel Missionary Baptist Church","David Chapel Missionary Baptist Church","David Chapel Missionary Baptist Church","Ofrece asistencia limitada para alquiler atrasado y servicios públicos a hogares elegibles.","Provides limited assistance with past-due rent and utility bills for eligible households.","david-chapel-missionary-baptist-church-david-chapel-missionary-baptist-church","vivienda"
"Dress for Success Austin","Apoyo laboral y ropa profesional","Employment and professional clothing support","Ofrece ropa profesional, preparación laboral y apoyo para mujeres que buscan empleo o crecimiento profesional.","Provides professional clothing, career preparation, and employment support for women pursuing work or career advancement.","dress-for-success-austin-employment-and-professional-clothing-support","otros-recursos"
"Eviction Solidarity Network (http://evictionisnotacure.com/)","Red de Solidaridad Contra el Desalojo","Eviction Solidarity Network (http://evictionisnotacure.com/)","Ofrece información sobre el proceso de desalojo, audiencias judiciales, interpretación y materiales de apoyo para inquilinos.","Provides information about the eviction process, court hearings, interpretation, and support materials for tenants.","eviction-solidarity-network-http-evictionisnotacure-com-eviction-solidarity-network-http-evictionisnotacure-co","ayuda-legal"
"Foundation Communities","Foundation Communities","Foundation Communities","Ofrece comunidades de vivienda asequible y orientación sobre disponibilidad y solicitudes para hogares elegibles.","Provides affordable housing communities and guidance about availability and applications for eligible households.","foundation-communities-foundation-communities","vivienda"
"Greater Mt. Zion Church","Asistencia para alquiler y servicios públicos","Rent and utility assistance","Ofrece asistencia limitada para alquiler y servicios públicos a personas y familias elegibles.","Provides limited rent and utility assistance to eligible individuals and families.","greater-mt-zion-church-greater-mt-zion-church","vivienda"
"Guadalupe Neighborhood Development Corporation","Guadalupe Neighborhood Development Corporation","Guadalupe Neighborhood Development Corporation","Ofrece opciones de alquiler y compra de vivienda asequible, con prioridad para familias con vínculos generacionales al vecindario.","Provides affordable rental and homeownership options, prioritizing families with generational ties to the neighborhood.","guadalupe-neighborhood-development-corporation-guadalupe-neighborhood-development-corporation","vivienda"
"HealthWell Foundation","HealthWell Foundation","HealthWell Foundation","Ayuda a personas con seguro insuficiente a pagar copagos, primas y otros costos médicos elegibles.","Helps underinsured individuals pay eligible copays, premiums, and other medical costs.","healthwell-foundation-healthwell-foundation","salud"
"Meals on Wheels Central Texas","Meals on Wheels Central Texas","Meals on Wheels Central Texas","Entrega comidas y ofrece servicios de apoyo a personas mayores y adultos con movilidad limitada que cumplen los requisitos.","Delivers meals and provides support services to eligible older adults and adults with limited mobility.","meals-on-wheels-central-texas-meals-on-wheels-central-texas","otros-recursos"
"Mobile Loaves & Fishes","Alimentos móviles y artículos de primera necesidad","Mobile food and basic-needs supplies","Lleva alimentos, ropa y artículos básicos directamente a personas sin vivienda mediante equipos móviles de alcance comunitario.","Delivers food, clothing, and basic supplies directly to people experiencing homelessness through mobile outreach teams.","mobile-loaves-and-fishes-mobile-food-and-basic-needs-supplies","comida"
"Native Translation Services","Traducción, interpretación y notarización","Translation, interpretation and notarization","Ofrece servicios de traducción, interpretación y notarización para personas y familias.","Offers translation, interpretation, and notarization services for individuals and families.","native-translation-services-translation-interpretation-and-notarization","otros-recursos"
"SABEResPODER","Beneficios de salud familiar PODERsalud","PODERsalud family health benefits","Ofrece información y orientación para ayudar a familias a acceder a servicios de salud, bienestar y beneficios disponibles.","Provides information and guidance to help families access available health, wellness, and benefit services.","saberespoder-podersalud-family-health-benefits","salud"
"Safe Alliance","La Alianza SAFE","Safe Alliance","Ofrece refugio de emergencia, apoyo legal, educación y otros servicios para personas afectadas por violencia doméstica o sexual.","Provides emergency shelter, legal support, education, and other services for people affected by domestic or sexual violence.","safe-alliance-safe-alliance","vivienda"
"Society of St. Vincent de Paul","Programa de Farmacia SVdP","SVdP Pharmacy Program","Ayuda a personas elegibles sin seguro a obtener medicamentos recetados sin costo mediante su farmacia comunitaria.","Helps eligible uninsured individuals obtain prescription medications at no cost through its community pharmacy.","society-of-st-vincent-de-paul-svdp-pharmacy-program","salud"
"St. Austin Catholic Parish, Newman Hall Rent and utility assistance","St. Austin Catholic Parish, Newman Hall, Ayuda para el alquiler y los servicios públicos.","St. Austin Catholic Parish, Newman Hall Rent and utility assistance","Ofrece asistencia limitada para alquiler y servicios públicos a hogares elegibles en códigos postales específicos.","Provides limited rent and utility assistance to eligible households in specific ZIP codes.","st-austin-catholic-parish-newman-hall-rent-and-utility-assistance-st-austin-catholic-parish-newman-hall-rent-a","vivienda"
"St. George’s Senior Housing","St. George’s Court Apartments","St. George’s Senior Housing","Ofrece apartamentos asequibles para personas mayores y personas con discapacidades, sujeto a elegibilidad y disponibilidad.","Provides affordable apartments for older adults and people with disabilities, subject to eligibility and availability.","st-george-s-senior-housing-st-george-s-senior-housing","vivienda"
"St. Louise House","St. Louise House","St. Louise House","Ofrece asistencia para servicios públicos a familias monoparentales que cumplen los requisitos del programa.","Provides utility assistance to single-parent families who meet program requirements.","st-louise-house-st-louise-house","recursos-financieros"
"Texas Law Help","Texas Law Help","Texas Law Help","Ofrece información legal gratuita, guías y formularios para ayudar a las personas a entender asuntos legales civiles en Texas.","Provides free legal information, guides, and forms to help people understand civil legal matters in Texas.","texas-law-help-texas-law-help","ayuda-legal"
"Texas Law Help Legal Help Finder","Texas Law Help","Texas Law Help Legal Help Finder","Ayuda a encontrar organizaciones de asistencia legal y otros servicios jurídicos disponibles en Texas.","Helps people find legal aid organizations and other legal services available in Texas.","texas-law-help-legal-help-finder-texas-law-help-legal-help-finder","ayuda-legal"
"Texas Tenant Advisor","Información para inquilinos de Texas","Texas tenant information","Ofrece información sobre alquiler, derechos y responsabilidades de inquilinos en Texas. El contenido está disponible en inglés.","Provides information about renting and tenant rights and responsibilities in Texas.","texas-tenant-advisor-texas-tenant-information","ayuda-legal"
"The Goodwill Career and Technical Academy","Goodwill Career and Technical Academy","The Goodwill Career and Technical Academy","Ofrece educación, capacitación profesional y apoyo de empleo para adultos que desean avanzar académica o laboralmente.","Provides education, career training, and employment support for adults seeking academic or professional advancement.","the-goodwill-career-and-technical-academy-the-goodwill-career-and-technical-academy","otros-recursos"
"Travis County Utility Assistance","Travis County Community Centers","Travis County Utility Assistance","Ofrece programas de asistencia para servicios públicos a residentes elegibles del condado de Travis.","Provides utility assistance programs to eligible Travis County residents.","travis-county-utility-assistance-travis-county-utility-assistance","recursos-financieros"
"United Way for Greater Austin","Navegación de recursos ConnectATX","ConnectATX resource navigation","Ayuda a encontrar recursos actualizados de comida, vivienda, transporte, cuidado infantil, empleo y otras necesidades básicas.","Helps people find current resources for food, housing, transportation, child care, employment, and other basic needs.","united-way-for-greater-austin-connectatx-resource-navigation","otros-recursos"
"University United Methodist Church","Desayuno y ropa de Open Door","Open Door breakfast and clothing","El programa Open Door ofrece desayuno y ropa a personas que necesitan apoyo básico.","The Open Door program provides breakfast and clothing to people who need basic support.","university-united-methodist-church-open-door-breakfast-and-clothing","comida"
"Volunteer Legal Services of Central Texas","Volunteer Legal Services of Central Texas","Volunteer Legal Services of Central Texas","Ofrece orientación y asistencia legal civil gratuita a personas elegibles mediante solicitudes y clínicas legales.","Provides free civil legal guidance and assistance to eligible individuals through applications and legal clinics.","volunteer-legal-services-of-central-texas-volunteer-legal-services-of-central-texas","ayuda-legal"
