organization_name,title_es,title_en,service_area_es,service_area_en,slug,primary_category
"2-1-1 Texas","Orientación para encontrar ayuda local","Help Finding Local Resources","Todos los condados de Texas","All Texas counties","orientacion-para-encontrar-ayuda-local-2-1-1-texas","otros-recursos"
"A Rocha USA","Apoyo comunitario para personas y familias","Community support for individuals and families","Condado de Travis, Condado de Williamson, Condado de Hays","Travis County, Williamson County, Hays County","a-rocha-usa-community-support-for-individuals-and-families","otros-recursos"
"Access Dental & Orthodontics","Servicios dentales y de ortodoncia","Dental and orthodontic services","Condado de Travis","Travis County","access-dental-and-orthodontics-dental-and-orthodontic-services","salud"
"Accessible Housing Austin! (AHA!)","Accessible Housing Austin! (AHA!)","Accessible Housing Austin! (AHA!)","Condado de Travis","Travis County","accessible-housing-austin-aha-accessible-housing-austin-aha","vivienda"
"Affordable Housing Online Search Tool (AHOST)","Búsqueda de vivienda asequible","Affordable housing search","Condado de Travis","Travis County","affordable-housing-online-search-tool-ahost-affordable-housing-search","vivienda"
"AffordableHousing.com","Búsqueda de vivienda asequible","Affordable housing search","Condado de Travis","Travis County","affordablehousing-com-affordable-housing-search","vivienda"
"African American Youth Harvest Foundation","Apoyo comunitario para personas y familias","Community support for individuals and families","Condado de Travis","Travis County","african-american-youth-harvest-foundation-community-support-for-individuals-and-families","otros-recursos"
"AGE of Central Texas","AGE of Central Texas","AGE of Central Texas","Condado de Travis","Travis County","age-of-central-texas-age-of-central-texas","otros-recursos"
"Albizu Law Firm","Servicios legales de inmigración y familia","Immigration and family law services","Condado de Travis","Travis County","albizu-law-firm-immigration-and-family-law-services","ayuda-legal"
"All Saints Episcopal Church Rent and Utility Assistance","All Saints Episcopal Church","All Saints Episcopal Church Rent and Utility Assistance","Condado de Travis","Travis County","all-saints-episcopal-church-rent-and-utility-assistance-all-saints-episcopal-church-rent-and-utility-assistanc","vivienda"
"American Gateways","Servicios legales de inmigración","Immigration Legal Services","Condado de Travis","Travis County","servicios-legales-de-inmigracion-american-gateways","ayuda-legal"
"Angel House/ Austin Baptist Chapel","Angel House/ Austin Baptist Chapel","Angel House/ Austin Baptist Chapel","Condado de Travis","Travis County","angel-house-austin-baptist-chapel-angel-house-austin-baptist-chapel","comida"
"Any Baby Can","Servicios de apoyo familiar","Family support services","Condado de Travis","Travis County","any-baby-can-family-support-services","otros-recursos"
"Any Baby Can","Apoyo comunitario para personas y familias","Community support for individuals and families","Condado de Travis, Condado de Williamson, Condado de Bastrop, Condado de Hays, Condado de Caldwell, Condado de Blanco, Condado de Burnet","Travis County, Williamson County, Bastrop County, Hays County, Caldwell County, Blanco County, Burnet County","any-baby-can-community-support-for-individuals-and-families","otros-recursos"
"Any Baby Can","Apoyo integral para familias con niños","Whole-Family Support for Families with Children","Condado de Travis","Travis County","apoyo-integral-para-familias-con-ninos-any-baby-can","otros-recursos"
"Ashwell Sexual Health and Wellness Clinic","Ashwell Sexual Health & Wellness","Ashwell Sexual Health and Wellness Clinic","Condado de Travis","Travis County","ashwell-sexual-health-and-wellness-clinic-ashwell-sexual-health-and-wellness-clinic","salud"
"Assurance Wireless","Programa de telefonía móvil","Mobile phone program","Condado de Travis","Travis County","assurance-wireless-mobile-phone-program","otros-recursos"
"ATX Free Fridge Project","ATX Free Fridge Project","ATX Free Fridge Project","Condado de Travis","Travis County","atx-free-fridge-project-atx-free-fridge-project","comida"
"ATX Kids Club","Programas de desarrollo y recreación juvenil","Youth development and recreation programs","Condado de Travis, Condado de Williamson, Condado de Hays","Travis County, Williamson County, Hays County","atx-kids-club-youth-development-and-recreation-programs","educacion"
"Austin Angels","Apoyo para jóvenes y familias de cuidado temporal","Support for foster youth and families","Condado de Travis, Condado de Williamson, Condado de Hays","Travis County, Williamson County, Hays County","austin-angels-support-for-foster-youth-and-families","otros-recursos"
"Austin Baptist Chapel","Comidas calientes y duchas en Angel House","Hot Meals and Showers at Angel House","Condado de Travis","Travis County","comidas-calientes-y-duchas-en-angel-house-austin-baptist-chapel","comida"
"Austin Baptist Chapel / Angel House Soup Kitchen","Comidas, duchas y ropa","Meals, showers and clothing","Condado de Travis","Travis County","austin-baptist-chapel-angel-house-soup-kitchen-meals-showers-and-clothing","comida"
"Austin Child Guidance Center","Terapia infantil y familiar","Child and family therapy","Condado de Travis","Travis County","austin-child-guidance-center-child-and-family-therapy","salud"
"Austin Child Guidance Center","Servicios de salud mental y bienestar","Mental health and wellness services","Condado de Travis, Condado de Williamson, Condado de Bastrop, Condado de Hays, Condado de Caldwell, Condado de Blanco, Condado de Burnet","Travis County, Williamson County, Bastrop County, Hays County, Caldwell County, Blanco County, Burnet County","austin-child-guidance-center-mental-health-and-wellness-services","salud"
"Austin City Lutherans & Faith Presbyterian Church","Bread for All Food Pantry","Despensa de Alimentos Pan para Todos","Condado de Travis","Travis County","faith-presbyterian-church-faith-presbyterian-church","comida"
"Austin Clubhouse","Servicios de salud mental y bienestar","Mental health and wellness services","Condado de Travis, Condado de Williamson, Condado de Bastrop, Condado de Hays, Condado de Caldwell, Condado de Blanco, Condado de Burnet","Travis County, Williamson County, Bastrop County, Hays County, Caldwell County, Blanco County, Burnet County","austin-clubhouse-mental-health-and-wellness-services","salud"
"Austin Community College District","Clases de inglés, GED y capacitación laboral","English, GED, and Career Training Programs","Condado de Travis","Travis County","clases-de-ingles-ged-y-capacitacion-laboral-austin-community-college-district","educacion"
"Austin Community Law Center","Representación legal asequible","Affordable legal representation","Condado de Travis","Travis County","austin-community-law-center-affordable-legal-representation","ayuda-legal"
"Austin Creative Reuse","Programas educativos y apoyo al aprendizaje","Education and learning support programs","Condado de Travis, Condado de Williamson","Travis County, Williamson County","austin-creative-reuse-education-and-learning-support-programs","educacion"
"Austin Energy","Apoyo financiero Plus 1","Financial Support Plus 1","Condado de Travis","Travis County","austin-energy-financial-support-plus-1","recursos-financieros"
"Austin Energy","Descuento del Programa de Asistencia al Cliente","Customer Assistance Program discount","Condado de Travis","Travis County","austin-energy-customer-assistance-program-discount","recursos-financieros"
"Austin Free-Net","Acceso Gratuito a Computadoras y Habilidades Digitales","Free Computer Access & Digital Skills","Condado de Travis","Travis County","acceso-gratuito-a-computadoras-y-habilidades-digitales-austin-free-net","educacion"
"Austin Habitat for Humanity","Vivienda y asistencia para necesidades básicas","Housing and basic-needs assistance","Condado de Travis, Condado de Hays","Travis County, Hays County","austin-habitat-for-humanity-housing-and-basic-needs-assistance","vivienda"
"Austin Habitat for Humanity Homeownership Program","Austin Habitat for Humanity Homeownership Program","Austin Habitat for Humanity Homeownership Program","Condado de Travis","Travis County","austin-habitat-for-humanity-homeownership-program-austin-habitat-for-humanity-homeownership-program","vivienda"
"Austin Public Health","Centro Comunitario St. John","St. John Community Center","Condado de Travis","Travis County","austin-public-health-st-john-community-center","otros-recursos"
"Austin Public Health","Clínica de vacunación Far South","Far South Immunization Clinic","Condado de Travis","Travis County","austin-public-health-far-south-immunization-clinic","salud"
"Austin Public Health","Clínica de vacunación St. Johns","St. Johns Immunization Clinic","Condado de Travis","Travis County","austin-public-health-st-johns-immunization-clinic","salud"
"Austin Public Health","Centro Comunitario Montopolis","Montopolis Community Center","Condado de Travis","Travis County","austin-public-health-montopolis-community-center","otros-recursos"
"Austin Public Health","Asistencia de los Centros de Servicios Vecinales","Neighborhood Services Centers assistance","Condado de Travis","Travis County","austin-public-health-neighborhood-services-centers-assistance","vivienda"
"Austin Public Health","Centro Vecinal Dove Springs","Dove Springs Neighborhood Center","Condado de Travis","Travis County","austin-public-health-dove-springs-neighborhood-center","otros-recursos"
"Austin Public Health","Centro Vecinal del Este de Austin","East Austin Neighborhood Center","Condado de Travis","Travis County","austin-public-health-east-austin-neighborhood-center","otros-recursos"
"Austin Public Library","Tarjeta de biblioteca mejorada","Enhanced Library Card","Condado de Travis","Travis County","austin-public-library-enhanced-library-card","otros-recursos"
"Austin Tenants Council (Now a project of Texas RioGrande Legal Aid)","Austin Tenants Council","Austin Tenants Council (Now a project of Texas RioGrande Legal Aid)","Condado de Travis","Travis County","austin-tenants-council-now-a-project-of-texas-riogrande-legal-aid-austin-tenants-council-now-a-project-of-texa","ayuda-legal"
"Austin Voices for Education and Youth","Apoyo comunitario para personas y familias","Community support for individuals and families","Condado de Travis","Travis County","austin-voices-for-education-and-youth-community-support-for-individuals-and-families","otros-recursos"
"Austin Voices for Education and Youth (AVEY)","Apoyo del Centro de Recursos Familiares","Family Resource Center support","Condado de Travis","Travis County","austin-voices-for-education-and-youth-avey-family-resource-center-support","otros-recursos"
"Austin Youth Fitness","Programas de desarrollo y recreación juvenil","Youth development and recreation programs","Condado de Travis","Travis County","austin-youth-fitness-youth-development-and-recreation-programs","educacion"
"Austin Youth River Watch","Programas de desarrollo y recreación juvenil","Youth development and recreation programs","Condado de Travis","Travis County","austin-youth-river-watch-youth-development-and-recreation-programs","educacion"
"Autism Society of Texas","Apoyo comunitario para personas y familias","Community support for individuals and families","Condado de Travis, Condado de Williamson, Condado de Bastrop, Condado de Hays, Condado de Caldwell, Condado de Blanco, Condado de Burnet","Travis County, Williamson County, Bastrop County, Hays County, Caldwell County, Blanco County, Burnet County","autism-society-of-texas-community-support-for-individuals-and-families","otros-recursos"
"Baptist Children’s Home","Baptist Children’s Home","Baptist Children’s Home","Condado de Travis","Travis County","baptist-children-s-home-baptist-children-s-home","vivienda"
"BASTA (Building and Strengthening Tenant Action)","BASTA (Buscando Acción y Solidaridad que Transforme el Arrendamiento)","BASTA (Building and Strengthening Tenant Action)","Condado de Travis","Travis County","basta-building-and-strengthening-tenant-action-basta-building-and-strengthening-tenant-action","ayuda-legal"
"Beat 4 Beat","Programas educativos y apoyo al aprendizaje","Education and learning support programs","Condado de Travis, Condado de Williamson, Condado de Bastrop, Condado de Hays, Condado de Caldwell, Condado de Blanco, Condado de Burnet","Travis County, Williamson County, Bastrop County, Hays County, Caldwell County, Blanco County, Burnet County","beat-4-beat-education-and-learning-support-programs","educacion"
"Black Women Who","Apoyo comunitario para personas y familias","Community support for individuals and families","Condado de Travis, Condado de Williamson, Condado de Bastrop, Condado de Hays, Condado de Caldwell, Condado de Blanco, Condado de Burnet","Travis County, Williamson County, Bastrop County, Hays County, Caldwell County, Blanco County, Burnet County","black-women-who-community-support-for-individuals-and-families","otros-recursos"
"Bluebonnet Trails Community Services","Servicios de Salud Mental de Bluebonnet Trails","Bluebonnet Trails Community Services – Mental Health","Condado de Williamson","Williamson County","bluebonnet-trails-mental-health","salud"
"Bluebonnet Trails Community Services","Servicios de Consumo de Sustancias de Bluebonnet Trails","Bluebonnet Trails Substance Use Services","Condado de Williamson","Williamson County","bluebonnet-trails-substance-use-services","salud"
"Boys and Girls Club of Georgetown","Programas de desarrollo y recreación juvenil","Youth development and recreation programs","Condado de Travis, Condado de Williamson","Travis County, Williamson County","boys-and-girls-club-of-georgetown-youth-development-and-recreation-programs","educacion"
"Breakthrough CTX","Programas educativos y apoyo al aprendizaje","Education and learning support programs","Condado de Travis, Condado de Williamson, Condado de Bastrop, Condado de Hays, Condado de Caldwell, Condado de Blanco, Condado de Burnet","Travis County, Williamson County, Bastrop County, Hays County, Caldwell County, Blanco County, Burnet County","breakthrough-ctx-education-and-learning-support-programs","educacion"
"Bridge Lacrosse","Programas de desarrollo y recreación juvenil","Youth development and recreation programs","Condado de Travis","Travis County","bridge-lacrosse-youth-development-and-recreation-programs","educacion"
"Candlelight Ranch","Programas de desarrollo y recreación juvenil","Youth development and recreation programs","Condado de Travis, Condado de Williamson, Condado de Bastrop, Condado de Hays, Condado de Caldwell, Condado de Blanco, Condado de Burnet","Travis County, Williamson County, Bastrop County, Hays County, Caldwell County, Blanco County, Burnet County","candlelight-ranch-youth-development-and-recreation-programs","educacion"
"Capital Area Counseling","Servicios de consejería asequibles","Affordable counseling services","Condado de Travis","Travis County","capital-area-counseling-affordable-counseling-services","salud"
"Capital Area Rural Transportation System","Transporte público rural CARTS","CARTS rural public transportation","Condado de Williamson","Williamson County","carts-williamson-county-transportation","transporte"
"Capital Area Rural Transportation System (CARTS)","CARTS – Williamson County","CARTS – Williamson County","Condado de Williamson","Williamson County","carts-williamson-county","transporte"
"Capital Area Rural Transportation System (CARTS)","Transporte rural y regional en Travis County","Rural and Regional Transportation in Travis County","Condado de Travis","Travis County","transporte-rural-y-regional-en-travis-county-capital-area-rural-transportation-system-carts","transporte"
"CapMetro","Tarifas reducidas Equifare","Equifare Discounted Transit Fares","Condado de Travis","Travis County","tarifas-reducidas-equifare-capmetro","transporte"
"Caritas of Austin","Caritas of Austin","Caritas of Austin","Condado de Travis","Travis County","caritas-of-austin-caritas-of-austin","comida"
"CARY (Council on At Risk Youth)","Programas educativos y apoyo al aprendizaje","Education and learning support programs","Condado de Travis","Travis County","cary-council-on-at-risk-youth-education-and-learning-support-programs","educacion"
"Casa Marianella","Immigrant & Asylum Seeker Shelter & Support","Refugio y Apoyo para Inmigrantes y Solicitantes de Asilo","Condado de Travis","Travis County","casa-marianella-casa-marianella","vivienda"
"Catholic Charities of Central Texas","Catholic Charities – Servicios Legales de Inmigración en Georgetown","Catholic Charities – Immigration Legal Services in Georgetown","Condado de Williamson","Williamson County","catholic-charities-immigration-legal-services-georgetown","ayuda-legal"
"Catholic Charities of Central Texas","Asistencia financiera","Financial assistance","Condado de Travis","Travis County","catholic-charities-of-central-texas-catholic-charities-of-central-texas","vivienda"
"Catholic Charities of Central Texas","Asistencia legal de inmigración","Immigration legal assistance","Condado de Williamson","Williamson County","catholic-charities-immigration-williamson","ayuda-legal"
"Catholic Charities of Central Texas","Servicios de consejería","Counseling services","Condado de Travis","Travis County","catholic-charities-of-central-texas-catholic-charities-of-central-texas-2","salud"
"Centered Youth Clinic & Consulting","Servicios de salud mental y bienestar","Mental health and wellness services","Condado de Travis, Condado de Williamson, Condado de Bastrop, Condado de Hays, Condado de Caldwell","Travis County, Williamson County, Bastrop County, Hays County, Caldwell County","centered-youth-clinic-and-consulting-mental-health-and-wellness-services","salud"
"Central Presbyterian Church","Central Mission – Alimentos y Necesidades Básicashttps://cpcaustin.org/","Central Mission – Food & Basic Needs Support","Condado de Travis","Travis County","central-presbyterian-church-central-presbyterian-church","comida"
"Central Presbyterian Church","Desayuno y apoyo para necesidades básicas","Breakfast and basic-needs support","Condado de Travis","Travis County","central-presbyterian-church-breakfast-and-basic-needs-support","comida"
"Central Texas Food Bank","Distribución de alimentos","Food distribution","Condado de Travis","Travis County","central-texas-food-bank-food-distribution","comida"
"Central Texas Food Bank","Encuentra alimentos cerca de ti","Find Food Near You","Condado de Travis","Travis County","encuentra-alimentos-cerca-de-ti-central-texas-food-bank","comida"
"Central Texas Food Bank and SNAP Assistance","Central Texas Food Bank and SNAP Assistance","Central Texas Food Bank and SNAP Assistance","Condado de Travis","Travis County","central-texas-food-bank-and-snap-assistance-central-texas-food-bank-and-snap-assistance","comida"
"Central Texas Lawyer Referral Service","Referencia de Abogados en Austin, TX (Lawyer Referral of Central TX)","Central Texas Lawyer Referral Service","Condado de Travis","Travis County","central-texas-lawyer-referral-service-central-texas-lawyer-referral-service","ayuda-legal"
"Child Inc.","Cuidado infantil para familias con bajos ingresos","Child care for families with low incomes","Condado de Travis","Travis County","child-inc-child-care-for-families-with-low-incomes","educacion"
"Christi Center","Servicios de salud mental y bienestar","Mental health and wellness services","Condado de Travis, Condado de Williamson, Condado de Bastrop, Condado de Hays, Condado de Caldwell, Condado de Blanco, Condado de Burnet","Travis County, Williamson County, Bastrop County, Hays County, Caldwell County, Blanco County, Burnet County","christi-center-mental-health-and-wellness-services","salud"
"City of Austin","Refugio para Clima Frío","Cold Weather Shelter","Condado de Travis","Travis County","city-of-austin-cold-weather-shelter","vivienda"
"City of Austin","Clínicas Fix-It","Fix-It Clinics","Condado de Travis","Travis County","city-of-austin-fix-it-clinics","otros-recursos"
"City of Austin","Centros de calentamiento","Warming Centers","Condado de Travis","Travis County","city-of-austin-warming-centers","vivienda"
"City of Austin Housing Department","Buscador de vivienda asequible de Austin","Austin Affordable Housing Search Tool","Condado de Travis","Travis County","buscador-de-vivienda-asequible-de-austin-city-of-austin-housing-department","vivienda"
"City of Austin Utilities / Austin Energy","Descuentos y ayuda con servicios públicos","Utility Discounts and Emergency Assistance","Condado de Travis","Travis County","descuentos-y-ayuda-con-servicios-publicos-city-of-austin-utilities-austin-energy","recursos-financieros"
"City of Cedar Park","LiNK Cedar Park","LiNK Cedar Park","Condado de Williamson","Williamson County","link-cedar-park","transporte"
"City of Round Rock","Round Rock Rides","Round Rock Rides","Condado de Williamson","Williamson County","round-rock-rides","transporte"
"Colin's Hope","Apoyo comunitario para personas y familias","Community support for individuals and families","Condado de Travis, Condado de Williamson, Condado de Bastrop, Condado de Hays, Condado de Burnet","Travis County, Williamson County, Bastrop County, Hays County, Burnet County","colin-s-hope-community-support-for-individuals-and-families","otros-recursos"
"College Hub at Foundation Communities","Programas educativos y apoyo al aprendizaje","Education and learning support programs","Condado de Travis, Condado de Williamson, Condado de Bastrop, Condado de Hays, Condado de Caldwell, Condado de Blanco, Condado de Burnet","Travis County, Williamson County, Bastrop County, Hays County, Caldwell County, Blanco County, Burnet County","college-hub-at-foundation-communities-education-and-learning-support-programs","educacion"
"College Possible Texas","Apoyo comunitario para personas y familias","Community support for individuals and families","Condado de Travis","Travis County","college-possible-texas-community-support-for-individuals-and-families","otros-recursos"
"Community Medical Services","Community Medical Services – Cedar Park","Community Medical Services – Cedar Park","Condado de Williamson","Williamson County","community-medical-services-cedar-park","salud"
"Community Resource Centers of Texas","Williamson County Community Resource Center – Liberty Hill","Williamson County Community Resource Center – Liberty Hill","Condado de Williamson","Williamson County","williamson-county-community-resource-center-liberty-hill","vivienda"
"CommUnityCare","Servicios de salud primaria y especializada","Primary and specialty health services","Condado de Travis","Travis County","communitycare-primary-and-specialty-health-services","salud"
"CommUnityCare Health Centers","Atención médica primaria y especializada","Primary and Specialty Health Care","Condado de Travis","Travis County","atencion-medica-primaria-y-especializada-communitycare-health-centers","salud"
"Con Mi Madre","Apoyo comunitario para personas y familias","Community support for individuals and families","Condado de Travis, Condado de Williamson, Condado de Bastrop, Condado de Hays, Condado de Caldwell, Condado de Blanco, Condado de Burnet","Travis County, Williamson County, Bastrop County, Hays County, Caldwell County, Blanco County, Burnet County","con-mi-madre-community-support-for-individuals-and-families","otros-recursos"
"Connect ATX","Navegación de recursos comunitarios","Community resource navigation","Condado de Travis","Travis County","connect-atx-community-resource-navigation","otros-recursos"
"Consulado General de México en Austin","Información consular y comunitaria","Consular and community information","Condado de Travis","Travis County","consulado-general-de-mexico-en-austin-consular-and-community-information","ayuda-legal"
"Consultame","Asistencia con trámites del Consulado de México","Mexican Consulate procedure assistance","Condado de Travis","Travis County","consultame-mexican-consulate-procedure-assistance","ayuda-legal"
"Creative Action","Programas de desarrollo y recreación juvenil","Youth development and recreation programs","Condado de Travis","Travis County","creative-action-youth-development-and-recreation-programs","educacion"
"Cross Creek Behavioral Health Hospital","Servicios de salud mental y bienestar","Mental health and wellness services","Condado de Travis, Condado de Williamson, Condado de Bastrop, Condado de Hays, Condado de Caldwell, Condado de Blanco, Condado de Burnet","Travis County, Williamson County, Bastrop County, Hays County, Caldwell County, Blanco County, Burnet County","cross-creek-behavioral-health-hospital-mental-health-and-wellness-services","salud"
"Crux Climbing Center","Programas de desarrollo y recreación juvenil","Youth development and recreation programs","Condado de Travis","Travis County","crux-climbing-center-youth-development-and-recreation-programs","educacion"
"David Chapel Missionary Baptist Church","David Chapel Missionary Baptist Church","David Chapel Missionary Baptist Church","Condado de Travis","Travis County","david-chapel-missionary-baptist-church-david-chapel-missionary-baptist-church","vivienda"
"David Phillips Foundation","Programas de desarrollo y recreación juvenil","Youth development and recreation programs","Condado de Travis","Travis County","david-phillips-foundation-youth-development-and-recreation-programs","educacion"
"Dell Children's Health Plan","Servicios de salud mental y bienestar","Mental health and wellness services","Condado de Travis, Condado de Williamson, Condado de Bastrop, Condado de Hays, Condado de Caldwell, Condado de Blanco, Condado de Burnet","Travis County, Williamson County, Bastrop County, Hays County, Caldwell County, Blanco County, Burnet County","dell-children-s-health-plan-mental-health-and-wellness-services","salud"
"Downtown Austin Community Court (DACC)","Tribunal Comunitario y Servicios para Personas sin Vivienda","Community Court & Homeless Services","Condado de Travis","Travis County","downtown-austin-community-court-dacc-downtown-austin-community-court-dacc","vivienda"
"Dress for Success Austin","Apoyo comunitario para personas y familias","Community support for individuals and families","Condado de Travis, Condado de Williamson, Condado de Bastrop, Condado de Hays, Condado de Caldwell, Condado de Blanco, Condado de Burnet","Travis County, Williamson County, Bastrop County, Hays County, Caldwell County, Blanco County, Burnet County","dress-for-success-austin-community-support-for-individuals-and-families","otros-recursos"
"Dress for Success Austin","Apoyo laboral y ropa profesional","Employment and professional clothing support","Condado de Travis","Travis County","dress-for-success-austin-employment-and-professional-clothing-support","otros-recursos"
"Drive a Senior","Transporte gratuito para adultos mayores","Free Transportation for Older Adults","Condado de Travis","Travis County","transporte-gratuito-para-adultos-mayores-drive-a-senior","transporte"
"ECHO Coordinated Assessment","Evaluación coordinada de ECHO","ECHO Coordinated Assessment","Condado de Travis","Travis County","echo-coordinated-assessment-echo-coordinated-assessment","vivienda"
"El Buen Samaritano","Servicios de apoyo comunitario","Community support services","Condado de Travis","Travis County","el-buen-samaritano-community-support-services","otros-recursos"
"El Buen Samaritano","Apoyo comunitario para personas y familias","Community support for individuals and families","Condado de Travis","Travis County","el-buen-samaritano-community-support-for-individuals-and-families","otros-recursos"
"El Buen Samaritano","Despensa de alimentos y distribución de pañales","Food Pantry and Diaper Distribution","Condado de Travis","Travis County","despensa-de-alimentos-y-distribucion-de-panales-el-buen-samaritano","comida"
"El Buen Samaritano","Clases de inglés y alfabetización digital","English and Digital Literacy Classes","Condado de Travis","Travis County","clases-de-ingles-y-alfabetizacion-digital-el-buen-samaritano","educacion"
"Eviction Solidarity Network (http://evictionisnotacure.com/)","Red de Solidaridad Contra el Desalojo","Eviction Solidarity Network (http://evictionisnotacure.com/)","Condado de Travis","Travis County","eviction-solidarity-network-http-evictionisnotacure-com-eviction-solidarity-network-http-evictionisnotacure-co","ayuda-legal"
"Explore Austin","Programas de desarrollo y recreación juvenil","Youth development and recreation programs","Condado de Travis, Condado de Williamson, Condado de Bastrop, Condado de Hays","Travis County, Williamson County, Bastrop County, Hays County","explore-austin-youth-development-and-recreation-programs","educacion"
"Farmshare Austin","Mercados móviles de alimentos","Mobile food markets","Condado de Travis","Travis County","farmshare-austin-mobile-food-markets","comida"
"Foster Angels of Central Texas","Apoyo para jóvenes y familias de cuidado temporal","Support for foster youth and families","Condado de Travis, Condado de Williamson, Condado de Bastrop, Condado de Hays, Condado de Caldwell, Condado de Blanco, Condado de Burnet","Travis County, Williamson County, Bastrop County, Hays County, Caldwell County, Blanco County, Burnet County","foster-angels-of-central-texas-support-for-foster-youth-and-families","otros-recursos"
"Foster Village","Apoyo para jóvenes y familias de cuidado temporal","Support for foster youth and families","Condado de Travis, Condado de Williamson, Condado de Bastrop, Condado de Hays, Condado de Caldwell, Condado de Blanco, Condado de Burnet","Travis County, Williamson County, Bastrop County, Hays County, Caldwell County, Blanco County, Burnet County","foster-village-support-for-foster-youth-and-families","otros-recursos"
"Fostering Hope","Apoyo comunitario para personas y familias","Community support for individuals and families","Condado de Travis, Condado de Williamson, Condado de Bastrop, Condado de Hays, Condado de Caldwell, Condado de Blanco, Condado de Burnet","Travis County, Williamson County, Bastrop County, Hays County, Caldwell County, Blanco County, Burnet County","fostering-hope-community-support-for-individuals-and-families","otros-recursos"
"Foundation Communities","Prosper Center Sur","Prosper Center South","Condado de Travis","Travis County","foundation-communities-prosper-center-south","recursos-financieros"
"Foundation Communities","Asesoría financiera y apoyo con beneficios","Financial Coaching and Benefits Support","Condado de Travis","Travis County","asesoria-financiera-y-apoyo-con-beneficios-foundation-communities","recursos-financieros"
"Foundation Communities","Programas de vivienda asequible","Affordable housing programs","Condado de Travis","Travis County","foundation-communities-affordable-housing-programs","vivienda"
"Foundation Communities","Foundation Communities","Foundation Communities","Condado de Travis","Travis County","foundation-communities-foundation-communities","vivienda"
"Foundation Communities","Prosper Center Norte","Prosper Center North","Condado de Travis","Travis County","foundation-communities-prosper-center-north","recursos-financieros"
"Foundation Communities","Vivienda asequible y apoyo para familias","Affordable Housing and Family Support","Condado de Travis","Travis County","vivienda-asequible-y-apoyo-para-familias-foundation-communities","vivienda"
"Foundation for the Homeless / Feed My People","Desayuno, duchas y ropa","Breakfast, showers and clothing","Condado de Travis","Travis County","foundation-for-the-homeless-feed-my-people-breakfast-showers-and-clothing","comida"
"Georgetown Housing Authority","Georgetown Housing Authority","Georgetown Housing Authority","Condado de Williamson","Williamson County","georgetown-housing-authority","vivienda"
"Girl Scouts of Central Texas","Programas de desarrollo y recreación juvenil","Youth development and recreation programs","Condado de Travis, Condado de Williamson, Condado de Bastrop, Condado de Hays, Condado de Caldwell, Condado de Blanco, Condado de Burnet","Travis County, Williamson County, Bastrop County, Hays County, Caldwell County, Blanco County, Burnet County","girl-scouts-of-central-texas-youth-development-and-recreation-programs","educacion"
"Girls Empowerment Network","Programas de desarrollo y recreación juvenil","Youth development and recreation programs","Condado de Travis","Travis County","girls-empowerment-network-youth-development-and-recreation-programs","educacion"
"Giving Austin Labor Support (GALS)","Servicios de salud mental y bienestar","Mental health and wellness services","Condado de Travis, Condado de Williamson, Condado de Bastrop, Condado de Hays, Condado de Caldwell, Condado de Blanco, Condado de Burnet","Travis County, Williamson County, Bastrop County, Hays County, Caldwell County, Blanco County, Burnet County","giving-austin-labor-support-gals-mental-health-and-wellness-services","salud"
"Gramercy Specialty Clinic","Servicios bilingües de salud mental","Bilingual mental health services","Condado de Travis","Travis County","gramercy-specialty-clinic-bilingual-mental-health-services","salud"
"Greater Mt. Zion Church","Asistencia para alquiler y servicios públicos","Rent and utility assistance","Condado de Travis","Travis County","greater-mt-zion-church-greater-mt-zion-church","vivienda"
"Greater Mt. Zion Church","Despensa de Alimentos","Food Pantry","Condado de Travis","Travis County","greater-mt-zion-church-greater-mt-zion-church-2","comida"
"Growing Heart","Growing Heart","Growing Heart","Condado de Williamson","Williamson County","growing-heart-liberty-hill","comida"
"Guadalupe Neighborhood Development Corporation","Guadalupe Neighborhood Development Corporation","Guadalupe Neighborhood Development Corporation","Condado de Travis","Travis County","guadalupe-neighborhood-development-corporation-guadalupe-neighborhood-development-corporation","vivienda"
"Half Helen Foundation","Exámenes comunitarios de la vista","Community eye exams","Condado de Travis","Travis County","half-helen-foundation-community-eye-exams","salud"
"Healing Wings LLC","Servicios de salud mental y bienestar","Mental health and wellness services","Condado de Travis, Condado de Williamson, Condado de Hays","Travis County, Williamson County, Hays County","healing-wings-llc-mental-health-and-wellness-services","salud"
"HealthWell Foundation","HealthWell Foundation","HealthWell Foundation","Condado de Travis","Travis County","healthwell-foundation-healthwell-foundation","salud"
"Helping Hand Home for Children","Apoyo para jóvenes y familias de cuidado temporal","Support for foster youth and families","Condado de Travis, Condado de Williamson, Condado de Bastrop, Condado de Hays, Condado de Caldwell, Condado de Blanco, Condado de Burnet","Travis County, Williamson County, Bastrop County, Hays County, Caldwell County, Blanco County, Burnet County","helping-hand-home-for-children-support-for-foster-youth-and-families","otros-recursos"
"Hill Country Community Ministries","Hill Country Community Ministries","Hill Country Community Ministries","Condado de Williamson","Williamson County","hill-country-community-ministries","comida"
"Hill Country Community Ministries","Alimentos y asistencia para necesidades básicas","Food and basic-needs assistance","Condado de Travis, Condado de Williamson","Travis County, Williamson County","hill-country-community-ministries-food-and-basic-needs-assistance","comida"
"Housing Authority for the City of Austin (HACA)","Housing Authority for the City of Austin (HACA)","Housing Authority for the City of Austin (HACA)","Condado de Travis","Travis County","housing-authority-for-the-city-of-austin-haca-housing-authority-for-the-city-of-austin-haca","vivienda"
"Housing Authority of the City of Austin","Vivienda pública y subsidiada","Public and Subsidized Housing","Condado de Travis","Travis County","vivienda-publica-y-subsidiada-housing-authority-of-the-city-of-austin","vivienda"
"Housing Authority of Travis County","Vivienda asequible","Affordable housing","Condado de Travis","Travis County","housing-authority-of-travis-county-affordable-housing","vivienda"
"Housing Authority of Travis County (HATC)","Housing Authority for Travis County (HATC)","Housing Authority of Travis County (HATC)","Condado de Travis","Travis County","housing-authority-of-travis-county-hatc-housing-authority-of-travis-county-hatc","vivienda"
"Hutto Resource Center","Hutto Resource Center","Hutto Resource Center","Condado de Williamson","Williamson County","hutto-resource-center","comida"
"Immigrant Legal Resource Center (ILRC)","Derechos y Recursos Legales de Inmigración","Immigration Rights & Legal Resources","Condado de Travis","Travis County","derechos-y-recursos-legales-de-inmigracion-immigrant-legal-resource-center-ilrc","ayuda-legal"
"Impact Counseling Services, Inc","Servicios de salud mental y bienestar","Mental health and wellness services","Condado de Williamson","Williamson County","impact-counseling-services-inc-mental-health-and-wellness-services","salud"
"Integral Care","Servicios de salud mental y bienestar","Mental health and wellness services","Condado de Travis","Travis County","integral-care-mental-health-and-wellness-services","salud"
"Integral Care","Servicios de salud mental y uso de sustancias","Mental health and substance-use services","Condado de Travis","Travis County","integral-care-mental-health-and-substance-use-services","salud"
"Integral Care","Salud Mental, Uso de Sustancias y Servicios de Crisis","Mental Health, Substance Use & Crisis Services","Condado de Travis","Travis County","integral-care-integral-care-2","salud"
"just keep livin Foundation","Programas de desarrollo y recreación juvenil","Youth development and recreation programs","Condado de Travis","Travis County","just-keep-livin-foundation-youth-development-and-recreation-programs","educacion"
"Keep Austin Beautiful","Programas educativos y apoyo al aprendizaje","Education and learning support programs","Condado de Travis","Travis County","keep-austin-beautiful-education-and-learning-support-programs","educacion"
"Kind Dental Care","Kind Dental Care","Kind Dental Care","Condado de Travis","Travis County","kind-dental-care-kind-dental-care","salud"
"Liberty Hill Independent School District","Liberty Hill ISD – Apoyo para Familias y Estudiantes","Liberty Hill ISD – Family & Student Support","Condado de Williamson","Williamson County","liberty-hill-isd-family-student-support","educacion"
"Lifeworks","Servicios de salud mental y bienestar","Mental health and wellness services","Condado de Travis","Travis County","lifeworks-mental-health-and-wellness-services","salud"
"LifeWorks","Consejería comunitaria","Community counseling","Condado de Travis","Travis County","lifeworks-community-counseling","salud"
"Lifeworks (youth only)","Lifeworks (solamente para jóvenes)","Lifeworks (youth only)","Condado de Travis","Travis County","lifeworks-youth-only-lifeworks-youth-only","vivienda"
"Lincoln-Goldfinch Law","Servicios legales de inmigración","Immigration legal services","Condado de Travis","Travis County","lincoln-goldfinch-law-immigration-legal-services","ayuda-legal"
"Lirios Para Mental Health","Servicios bilingües de consejería","Bilingual counseling services","Condado de Travis","Travis County","lirios-para-mental-health-bilingual-counseling-services","salud"
"Literacy Coalition of Central Texas","Educación para adultos y preparación laboral","Adult Education and Career Preparation","Condado de Travis","Travis County","educacion-para-adultos-y-preparacion-laboral-literacy-coalition-of-central-texas","educacion"
"Literacy Council of Williamson County","Literacy Council of Williamson County","Literacy Council of Williamson County","Condado de Williamson","Williamson County","literacy-council-williamson-county","educacion"
"Live Like Cati","Apoyo comunitario para personas y familias","Community support for individuals and families","Condado de Travis, Condado de Williamson, Condado de Bastrop, Condado de Hays, Condado de Caldwell, Condado de Blanco, Condado de Burnet","Travis County, Williamson County, Bastrop County, Hays County, Caldwell County, Blanco County, Burnet County","live-like-cati-community-support-for-individuals-and-families","otros-recursos"
"Lone Star Circle of Care","Clínica de salud Ben White","Ben White Health Clinic","Condado de Travis","Travis County","clinica-de-salud-ben-white-lone-star-circle-of-care","salud"
"Lone Star Circle of Care","Mamografías móviles de The Big Pink Bus","The Big Pink Bus mobile mammography","Condado de Travis","Travis County","lone-star-circle-of-care-the-big-pink-bus-mobile-mammography","salud"
"Lone Star Circle of Care","Servicios comunitarios de salud","Community health services","Condado de Travis","Travis County","lone-star-circle-of-care-community-health-services","salud"
"Lone Star Circle of Care","Lone Star Circle of Care – Salud Conductual de Round Rock","Lone Star Circle of Care – Round Rock Behavioral Health","Condado de Williamson","Williamson County","lone-star-circle-of-care-round-rock-behavioral-health","salud"
"Lone Star Circle of Care","Lone Star Circle of Care – Salud Conductual de Georgetown","Lone Star Circle of Care – Georgetown Behavioral Health","Condado de Williamson","Williamson County","lone-star-circle-of-care-georgetown-behavioral-health","salud"
"LULAC","Defensa y apoyo comunitario","Community advocacy and support","Condado de Travis","Travis County","lulac-community-advocacy-and-support","otros-recursos"
"Mama Sana Vibrant Woman","Apoyo comunitario para personas y familias","Community support for individuals and families","Condado de Travis","Travis County","mama-sana-vibrant-woman-community-support-for-individuals-and-families","otros-recursos"
"Maven Youth","Programas de desarrollo y recreación juvenil","Youth development and recreation programs","Condado de Travis, Condado de Williamson","Travis County, Williamson County","maven-youth-youth-development-and-recreation-programs","educacion"
"Meals on Wheels Central Texas","Meals on Wheels Central Texas","Meals on Wheels Central Texas","Condado de Travis","Travis County","meals-on-wheels-central-texas-meals-on-wheels-central-texas","otros-recursos"
"Mobile Loaves & Fishes","Alimentos móviles y artículos de primera necesidad","Mobile food and basic-needs supplies","Condado de Travis","Travis County","mobile-loaves-and-fishes-mobile-food-and-basic-needs-supplies","comida"
"Mueller Affordable Homes","Casas Asquesibles de Mueller","Mueller Affordable Homes","Condado de Travis","Travis County","mueller-affordable-homes-mueller-affordable-homes","vivienda"
"Native Translation Services","Traducción, interpretación y notarización","Translation, interpretation and notarization","Condado de Travis","Travis County","native-translation-services-translation-interpretation-and-notarization","otros-recursos"
"Neighbor to Neighbor","Neighbor to Neighbor Program","Neighbor to Neighbor","Condado de Travis","Travis County","neighbor-to-neighbor-neighbor-to-neighbor","recursos-financieros"
"New Eyes","New Eyes","New Eyes","Condado de Travis","Travis County","new-eyes-new-eyes","salud"
"Northeast Health Resource Center","Pañales y productos menstruales gratuitos","Free diapers and menstrual products","Condado de Travis","Travis County","northeast-health-resource-center-free-diapers-and-menstrual-products","salud"
"Oakvine Recovery Center","Oakvine Recovery Center","Oakvine Recovery Center","Condado de Williamson","Williamson County","oakvine-recovery-center","salud"
"Operation Liberty Hill","Operation Liberty Hill","Operation Liberty Hill","Condado de Williamson","Williamson County","operation-liberty-hill","recursos-financieros"
"Opportunities for Williamson & Burnet Counties","Opportunities for Williamson & Burnet Counties (OWBC)","Opportunities for Williamson & Burnet Counties (OWBC)","Condado de Williamson, Condado de Burnet","Williamson County, Burnet County","opportunities-williamson-burnet-counties","recursos-financieros"
"Partners For Education Agriculture and Sustainability (PEAS)","Programas educativos y apoyo al aprendizaje","Education and learning support programs","Condado de Travis","Travis County","partners-for-education-agriculture-and-sustainability-peas-education-and-learning-support-programs","educacion"
"Partnerships for Children","Apoyo comunitario para personas y familias","Community support for individuals and families","Condado de Travis, Condado de Williamson, Condado de Bastrop, Condado de Hays, Condado de Caldwell, Condado de Blanco, Condado de Burnet","Travis County, Williamson County, Bastrop County, Hays County, Caldwell County, Blanco County, Burnet County","partnerships-for-children-community-support-for-individuals-and-families","otros-recursos"
"People's Community Clinic","Centro de Salud para Mujeres","Women’s Health Center","Condado de Travis","Travis County","people-s-community-clinic-women-s-health-center","salud"
"People's Community Clinic","Atención médica familiar de bajo costo","Affordable Family Health Care","Condado de Travis","Travis County","atencion-medica-familiar-de-bajo-costo-people-s-community-clinic","salud"
"People's Community Clinic","Clínica comunitaria de salud","Community health clinic","Condado de Travis","Travis County","people-s-community-clinic-community-health-clinic","salud"
"RAICES","Servicios legales de inmigración","Immigration legal services","Condado de Travis","Travis County","raices-immigration-legal-services","ayuda-legal"
"RBI Austin","Programas de desarrollo y recreación juvenil","Youth development and recreation programs","Condado de Travis, Condado de Williamson","Travis County, Williamson County","rbi-austin-youth-development-and-recreation-programs","educacion"
"Round Rock Area Serving Center","Round Rock Area Serving Center","Round Rock Area Serving Center","Condado de Williamson","Williamson County","round-rock-area-serving-center","comida"
"Round Rock Housing Authority","Round Rock Housing Authority","Round Rock Housing Authority","Condado de Williamson","Williamson County","round-rock-housing-authority","vivienda"
"Rowing Dock","Programas de desarrollo y recreación juvenil","Youth development and recreation programs","Condado de Travis, Condado de Williamson, Condado de Bastrop, Condado de Hays, Condado de Caldwell, Condado de Blanco, Condado de Burnet","Travis County, Williamson County, Bastrop County, Hays County, Caldwell County, Blanco County, Burnet County","rowing-dock-youth-development-and-recreation-programs","educacion"
"SABEResPODER","Beneficios de salud familiar PODERsalud","PODERsalud family health benefits","Condado de Travis","Travis County","saberespoder-podersalud-family-health-benefits","salud"
"Safe Alliance","La Alianza SAFE","Safe Alliance","Condado de Travis","Travis County","safe-alliance-safe-alliance","vivienda"
"Samaritan Center","Servicios de salud mental y bienestar","Mental health and wellness services","Condado de Travis, Condado de Williamson, Condado de Bastrop, Condado de Hays, Condado de Caldwell, Condado de Blanco, Condado de Burnet","Travis County, Williamson County, Bastrop County, Hays County, Caldwell County, Blanco County, Burnet County","samaritan-center-mental-health-and-wellness-services","salud"
"Samaritan Center","Consejería para familias y adolescentes","Family and adolescent counseling","Condado de Travis","Travis County","samaritan-center-family-and-adolescent-counseling","salud"
"Seedling","Programas de desarrollo y recreación juvenil","Youth development and recreation programs","Condado de Travis","Travis County","seedling-youth-development-and-recreation-programs","educacion"
"Senior Access","Senior Access / Drive a Senior","Senior Access / Drive a Senior","Condado de Travis, Condado de Williamson","Travis County, Williamson County","senior-access-drive-a-senior","transporte"
"Shield Ranch Foundation/El Ranchito","Programas de desarrollo y recreación juvenil","Youth development and recreation programs","Condado de Travis, Condado de Williamson, Condado de Bastrop, Condado de Hays, Condado de Caldwell, Condado de Blanco, Condado de Burnet","Travis County, Williamson County, Bastrop County, Hays County, Caldwell County, Blanco County, Burnet County","shield-ranch-foundation-el-ranchito-youth-development-and-recreation-programs","educacion"
"Society of St. Vincent de Paul","Society of St. Vincent de Paul","Society of St. Vincent de Paul","Condado de Travis","Travis County","society-of-st-vincent-de-paul-society-of-st-vincent-de-paul","vivienda"
"Society of St. Vincent de Paul","Programa de Farmacia SVdP","SVdP Pharmacy Program","Condado de Travis","Travis County","society-of-st-vincent-de-paul-svdp-pharmacy-program","salud"
"Society of St. Vincent de Paul Diocesan Council of Austin","Despensa de Alimentos St. Vincent de Paul","St. Vincent de Paul Food Pantry","Condado de Travis","Travis County","st-vincent-de-paul-food-pantry-st-vincent-de-paul-food-pantry","comida"
"St. Austin Catholic Parish","Programa de alcance comunitario","Outreach Program","Condado de Travis","Travis County","st-austin-catholic-parish-outreach-program","recursos-financieros"
"St. Austin Catholic Parish, Newman Hall Rent and utility assistance","St. Austin Catholic Parish, Newman Hall, Ayuda para el alquiler y los servicios públicos.","St. Austin Catholic Parish, Newman Hall Rent and utility assistance","Condado de Travis","Travis County","st-austin-catholic-parish-newman-hall-rent-and-utility-assistance-st-austin-catholic-parish-newman-hall-rent-a","vivienda"
"St. George’s Senior Housing","St. George’s Court Apartments","St. George’s Senior Housing","Condado de Travis","Travis County","st-george-s-senior-housing-st-george-s-senior-housing","vivienda"
"St. Louise House","St. Louise House","St. Louise House","Condado de Travis","Travis County","st-louise-house-st-louise-house","recursos-financieros"
"STARRY","STARRY – Williamson County","STARRY – Williamson County","Condado de Williamson","Williamson County","starry-williamson-county","salud"
"STARRY + Georgetown Health Foundation","STARRY – Carver Center for Families","STARRY – Carver Center for Families","Condado de Williamson","Williamson County","starry-carver-center-for-families","salud"
"Sunrise Homeless Navigation Center","Orientación para personas sin hogar y apoyo para necesidades básicas","Homeless navigation and basic-needs support","Condado de Travis","Travis County","sunrise-homeless-navigation-center-homeless-navigation-and-basic-needs-support","vivienda"
"Sunrise Homeless Navigation Center","Sunrise Homeless Navigation Center","Sunrise Homeless Navigation Center","Condado de Travis","Travis County","sunrise-homeless-navigation-center-sunrise-homeless-navigation-center","vivienda"
"Taylor Housing Authority","Taylor Housing Authority","Taylor Housing Authority","Condado de Williamson","Williamson County","taylor-housing-authority","vivienda"
"Texas Advocacy Project","Ayuda legal para sobrevivientes de violencia","Legal help for survivors of violence","Condado de Williamson","Williamson County","texas-advocacy-project-williamson","ayuda-legal"
"Texas Baptist Children's Home","Hope Counseling Program","Hope Counseling Program","Condado de Williamson","Williamson County","hope-counseling-program-williamson-county","salud"
"Texas Baptist Children's Home","Programa de Consejería Hope","Hope Counseling Program","Condado de Williamson","Williamson County","programa-de-consejeria-hope-texas-baptist-children-s-home","salud"
"Texas Baptist Children's Home","Apoyo para jóvenes y familias de cuidado temporal","Support for foster youth and families","Condado de Travis, Condado de Williamson, Condado de Bastrop, Condado de Hays, Condado de Caldwell, Condado de Blanco, Condado de Burnet","Travis County, Williamson County, Bastrop County, Hays County, Caldwell County, Blanco County, Burnet County","texas-baptist-children-s-home-support-for-foster-youth-and-families","otros-recursos"
"Texas Foster Family Association","Apoyo comunitario para personas y familias","Community support for individuals and families","Condado de Travis, Condado de Williamson, Condado de Bastrop, Condado de Hays, Condado de Caldwell, Condado de Blanco, Condado de Burnet","Travis County, Williamson County, Bastrop County, Hays County, Caldwell County, Blanco County, Burnet County","texas-foster-family-association-community-support-for-individuals-and-families","otros-recursos"
"Texas Health and Human Services","Transporte médico no urgente de Medicaid","Medicaid non-emergency medical transportation","Condado de Williamson","Williamson County","texas-medicaid-medical-transportation","transporte"
"Texas Health and Human Services Commission","Asistencia Temporal para Familias Necesitadas (TANF)","Temporary Assistance for Needy Families (TANF)","Condado de Travis","Travis County","texas-health-and-human-services-commission-temporary-assistance-for-needy-families-tanf","recursos-financieros"
"Texas Law Help","Guía para apelar un desalojo","Eviction appeal guide","Condado de Travis","Travis County","texas-law-help-eviction-appeal-guide","ayuda-legal"
"Texas Law Help","Texas Law Help","Texas Law Help","Condado de Travis","Travis County","texas-law-help-texas-law-help","ayuda-legal"
"Texas Law Help Legal Help Finder","Texas Law Help","Texas Law Help Legal Help Finder","Condado de Travis","Travis County","texas-law-help-legal-help-finder-texas-law-help-legal-help-finder","ayuda-legal"
"Texas Legal Services Center","Texas Legal Services Center","Texas Legal Services Center","Condado de Travis","Travis County","texas-legal-services-center-texas-legal-services-center","ayuda-legal"
"Texas Legal Services Center","Texas Legal Services Center – Williamson County","Texas Legal Services Center – Williamson County","Todos los condados de Texas","All Texas counties","texas-legal-services-center-williamson-county","ayuda-legal"
"Texas Parks and Wildlife Department (TPWD)","Programas de desarrollo y recreación juvenil","Youth development and recreation programs","Condado de Travis, Condado de Williamson, Condado de Bastrop, Condado de Hays, Condado de Caldwell, Condado de Blanco, Condado de Burnet","Travis County, Williamson County, Bastrop County, Hays County, Caldwell County, Blanco County, Burnet County","texas-parks-and-wildlife-department-tpwd-youth-development-and-recreation-programs","educacion"
"Texas RioGrande Legal Aid","Texas RioGrande Legal Aid (TRLA)","Texas RioGrande Legal Aid","Condado de Travis","Travis County","texas-riogrande-legal-aid-texas-riogrande-legal-aid","ayuda-legal"
"Texas RioGrande Legal Aid","Texas RioGrande Legal Aid – Williamson County","Texas RioGrande Legal Aid – Williamson County","Condado de Williamson","Williamson County","texas-riogrande-legal-aid-williamson-county","ayuda-legal"
"Texas RioGrande Legal Aid","Asistencia legal civil gratuita","Free Civil Legal Aid","Condado de Travis","Travis County","asistencia-legal-civil-gratuita-texas-riogrande-legal-aid","ayuda-legal"
"Texas Tenant Advisor","Información para inquilinos de Texas","Texas tenant information","Condado de Travis","Travis County","texas-tenant-advisor-texas-tenant-information","ayuda-legal"
"Texas Wildlife Association","Programas educativos y apoyo al aprendizaje","Education and learning support programs","Condado de Travis, Condado de Williamson, Condado de Bastrop, Condado de Hays, Condado de Caldwell, Condado de Blanco, Condado de Burnet","Travis County, Williamson County, Bastrop County, Hays County, Caldwell County, Blanco County, Burnet County","texas-wildlife-association-education-and-learning-support-programs","educacion"
"TexasLawHelp.org","Información y formularios legales gratuitos","Free legal information and forms","Condado de Williamson","Williamson County","texaslawhelp-williamson","ayuda-legal"
"The Caring Place","The Caring Place","The Caring Place","Condado de Williamson","Williamson County","the-caring-place","comida"
"The Georgetown Project","Apoyo comunitario para personas y familias","Community support for individuals and families","Condado de Williamson","Williamson County","the-georgetown-project-community-support-for-individuals-and-families","otros-recursos"
"The Georgetown Project","The Georgetown Project – NEST Empowerment Center","The Georgetown Project – NEST Empowerment Center","Condado de Williamson","Williamson County","georgetown-project-nest-empowerment-center","salud"
"The Goodwill Career and Technical Academy","Goodwill Career and Technical Academy","The Goodwill Career and Technical Academy","Condado de Travis","Travis County","the-goodwill-career-and-technical-academy-the-goodwill-career-and-technical-academy","otros-recursos"
"The Goodwill Excel Center","Diploma de secundaria y capacitación profesional para adultos","Adult high school diploma and career training","Condado de Travis","Travis County","the-goodwill-excel-center-adult-high-school-diploma-and-career-training","educacion"
"The National Child Traumatic Stress Network (NCTSN)","Recursos para comprender y afrontar el trauma infantil","Resources to Understand and Cope with Childhood Trauma","Condado de Travis","Travis County","recursos-para-comprender-y-afrontar-el-trauma-infantil-the-national-child-traumatic-stress-network-nctsn","salud"
"The SAFE Alliance","Línea confidencial 24/7 para violencia y abuso","24/7 Confidential Support for Violence and Abuse","Condado de Travis","Travis County","linea-confidencial-24-7-para-violencia-y-abuso-the-safe-alliance","otros-recursos"
"The Salvation Army ","Refugio de Emergencia para Mujeres y Niños","Emergency Shelter for Women & Children","Condado de Travis","Travis County","the-salvation-army-shelter-for-women-and-children-the-salvation-army-shelter-for-women-and-children","vivienda"
"The Salvation Army - Rathgeber Center for Families","Refugio de Emergencia y Apoyo de Vivienda para Familias","Emergency Family Shelter & Housing Support","Condado de Travis","Travis County","the-salvation-army-rathgeber-center-for-families-the-salvation-army-rathgeber-center-for-families","vivienda"
"The Settlement Home for Children Post-Adoption Services","Apoyo para jóvenes y familias de cuidado temporal","Support for foster youth and families","Condado de Travis, Condado de Williamson, Condado de Bastrop, Condado de Hays, Condado de Caldwell, Condado de Blanco, Condado de Burnet","Travis County, Williamson County, Bastrop County, Hays County, Caldwell County, Blanco County, Burnet County","the-settlement-home-for-children-post-adoption-services-support-for-foster-youth-and-families","otros-recursos"
"The Source Women's Health Center","Servicios de salud para mujeres","Women’s health services","Condado de Travis","Travis County","the-source-women-s-health-center-women-s-health-services","salud"
"Todos Juntos Learning Center","Apoyo comunitario para personas y familias","Community support for individuals and families","Condado de Travis, Condado de Williamson, Condado de Bastrop, Condado de Hays, Condado de Caldwell, Condado de Blanco, Condado de Burnet","Travis County, Williamson County, Bastrop County, Hays County, Caldwell County, Blanco County, Burnet County","todos-juntos-learning-center-community-support-for-individuals-and-families","otros-recursos"
"Travis Audubon","Programas de desarrollo y recreación juvenil","Youth development and recreation programs","Condado de Travis, Condado de Williamson, Condado de Bastrop","Travis County, Williamson County, Bastrop County","travis-audubon-youth-development-and-recreation-programs","educacion"
"Travis County Health and Human Services","Evaluación para asistencia financiera","Financial assistance screening","Condado de Travis","Travis County","travis-county-health-and-human-services-financial-assistance-screening","recursos-financieros"
"Travis County Health and Human Services","Ayuda para pagar servicios públicos","Utility Payment Assistance","Condado de Travis","Travis County","ayuda-para-pagar-servicios-publicos-travis-county-health-and-human-services","recursos-financieros"
"Trinity Center","Trinity Center","Trinity Center","Condado de Travis","Travis County","trinity-center-trinity-center","otros-recursos"
"Trinity Center at St. David's Episcopal Church","Servicios de orientación y necesidades básicas","Navigation and basic-needs services","Condado de Travis","Travis County","trinity-center-at-st-david-s-episcopal-church-navigation-and-basic-needs-services","otros-recursos"
"United Way for Greater Austin","Navegación de recursos ConnectATX","ConnectATX resource navigation","Condado de Travis","Travis County","united-way-for-greater-austin-connectatx-resource-navigation","otros-recursos"
"University Baptist Church (UBC)","Free Community Meal","Comida Comunitaria Gratuita","Condado de Travis","Travis County","university-baptist-church-university-baptist-church","comida"
"University Presbyterian Church","Despensa y asistencia para servicios públicos","Food pantry and utility assistance","Condado de Travis","Travis County","university-presbyterian-church-food-pantry-and-utility-assistance","comida"
"University United Methodist Church","Desayuno y ropa de Open Door","Open Door breakfast and clothing","Condado de Travis","Travis County","university-united-methodist-church-open-door-breakfast-and-clothing","comida"
"Upbring","Apoyo para jóvenes y familias de cuidado temporal","Support for foster youth and families","Condado de Travis","Travis County","upbring-support-for-foster-youth-and-families","otros-recursos"
"UPLift @ University Presbyterian Church","UPLift @ University Presbyterian Church","UPLift @ University Presbyterian Church","Condado de Travis","Travis County","uplift-university-presbyterian-church-uplift-university-presbyterian-church","recursos-financieros"
"Uplift Texas","Alimentos y asistencia para necesidades básicas","Food and basic-needs assistance","Condado de Travis","Travis County","uplift-texas-food-and-basic-needs-assistance","comida"
"Urban Roots","Programas de desarrollo y recreación juvenil","Youth development and recreation programs","Condado de Travis, Condado de Hays","Travis County, Hays County","urban-roots-youth-development-and-recreation-programs","educacion"
"UT Austin School of Nursing","Centro de Bienestar Familiar","Family Wellness Center","Condado de Travis","Travis County","ut-austin-school-of-nursing-family-wellness-center","salud"
"VELA","Apoyo para personas con discapacidades y sus familias","Disability and family support","Condado de Travis","Travis County","vela-disability-and-family-support","otros-recursos"
"Volunteer Legal Services of Central Texas","Volunteer Legal Services of Central Texas – Williamson County","Volunteer Legal Services of Central Texas – Williamson County","Condado de Williamson","Williamson County","volunteer-legal-services-central-texas-williamson","ayuda-legal"
"Volunteer Legal Services of Central Texas","Ayuda legal civil con abogados voluntarios","Civil Legal Help from Volunteer Attorneys","Condado de Travis","Travis County","ayuda-legal-civil-con-abogados-voluntarios-volunteer-legal-services-of-central-texas","ayuda-legal"
"Volunteer Legal Services of Central Texas","Volunteer Legal Services of Central Texas","Volunteer Legal Services of Central Texas","Condado de Travis","Travis County","volunteer-legal-services-of-central-texas-volunteer-legal-services-of-central-texas","ayuda-legal"
"Waterloo Counseling","Waterloo Counseling","Waterloo Counseling","Condado de Travis","Travis County","waterloo-counseling-waterloo-counseling","salud"
"Westcave Outdoor Discovery Center","Programas de desarrollo y recreación juvenil","Youth development and recreation programs","Condado de Travis, Condado de Hays, Condado de Blanco","Travis County, Hays County, Blanco County","westcave-outdoor-discovery-center-youth-development-and-recreation-programs","educacion"
"Williamson County","Tribunal de Recuperación Familiar de Williamson County","Williamson County Family Recovery Court","Condado de Williamson","Williamson County","williamson-county-family-recovery-court","salud"
"Williamson County Children's Advocacy Center","Programas educativos y apoyo al aprendizaje","Education and learning support programs","Condado de Travis, Condado de Williamson","Travis County, Williamson County","williamson-county-children-s-advocacy-center-education-and-learning-support-programs","educacion"
"Williamson County Community Supervision & Corrections Department","Central Texas Treatment Center","Central Texas Treatment Center","Condado de Williamson","Williamson County","central-texas-treatment-center","salud"
"Williamson County Community Supervision & Corrections Department","Servicios Ambulatorios de Williamson County","Williamson County Outpatient Services","Condado de Williamson","Williamson County","williamson-county-outpatient-services","salud"
"Williamson County Indigent Defense","Williamson County – Abogado Designado por el Tribunal","Williamson County – Court-Appointed Attorney","Condado de Williamson","Williamson County","williamson-county-court-appointed-attorney","ayuda-legal"
"Williamson County Juvenile Services","Williamson County Juvenile Services – Salud Mental y Apoyo Familiar","Williamson County Juvenile Services – Mental Health / Family Support","Condado de Williamson","Williamson County","williamson-county-juvenile-services-mental-health-family-support","salud"
"Wonders & Worries","Apoyo comunitario para personas y familias","Community support for individuals and families","Condado de Travis, Condado de Williamson, Condado de Bastrop, Condado de Hays, Condado de Caldwell, Condado de Blanco, Condado de Burnet","Travis County, Williamson County, Bastrop County, Hays County, Caldwell County, Blanco County, Burnet County","wonders-and-worries-community-support-for-individuals-and-families","otros-recursos"
"Workforce Solutions Rural Capital Area","Workforce Solutions Rural Capital Area","Workforce Solutions Rural Capital Area","Condado de Williamson","Williamson County","workforce-solutions-rural-capital-area-williamson","educacion"
"Workforce Solutions Rural Capital Area- Child Care Services","Asistencia financiera y apoyo para necesidades básicas","Financial and basic-needs assistance","Condado de Travis, Condado de Williamson, Condado de Bastrop, Condado de Hays, Condado de Caldwell, Condado de Blanco, Condado de Burnet","Travis County, Williamson County, Bastrop County, Hays County, Caldwell County, Blanco County, Burnet County","workforce-solutions-rural-capital-area-child-care-services-financial-and-basic-needs-assistance","recursos-financieros"
"Yellow House Foundation","Yellow House Foundation","Yellow House Foundation","Condado de Williamson","Williamson County","yellow-house-foundation","salud"
"Zilker Botanical Garden","Programas de desarrollo y recreación juvenil","Youth development and recreation programs","Condado de Travis, Condado de Williamson, Condado de Bastrop, Condado de Hays, Condado de Caldwell, Condado de Blanco, Condado de Burnet","Travis County, Williamson County, Bastrop County, Hays County, Caldwell County, Blanco County, Burnet County","zilker-botanical-garden-youth-development-and-recreation-programs","educacion"
